{"type":"FeatureCollection","features":[{"type":"Feature","id":"PRT","properties":{"name":"Portugal"},"geometry":{"type":"Polygon","coordinates":[[[-9.500526,38.780709],[-9.499973,38.778429],[-9.498516,38.777518],[-9.498227,38.776531],[-9.497679,38.776858],[-9.497862,38.777419],[-9.496809,38.77665],[-9.496442,38.775695],[-9.49663,38.776601],[-9.496039,38.776009],[-9.495693,38.776332],[-9.49394,38.776096],[-9.493403,38.775611],[-9.493861,38.774693],[-9.493557,38.774325],[-9.49422,38.773966],[-9.493883,38.774534],[-9.494183,38.774477],[-9.494888,38.773607],[-9.49451,38.773522],[-9.494275,38.77181],[-9.495074,38.770691],[-9.495125,38.769582],[-9.494134,38.769259],[-9.495124,38.768675],[-9.493379,38.768478],[-9.494032,38.767555],[-9.493222,38.767634],[-9.493628,38.767125],[-9.493486,38.766266],[-9.493072,38.766355],[-9.493153,38.767291],[-9.49226,38.765647],[-9.492015,38.766031],[-9.490923,38.765971],[-9.490772,38.764844],[-9.490331,38.764661],[-9.491762,38.763867],[-9.491022,38.763841],[-9.491195,38.762981],[-9.49032,38.763438],[-9.490109,38.762316],[-9.489338,38.761747],[-9.487793,38.762409],[-9.488032,38.761595],[-9.486714,38.761587],[-9.487391,38.760517],[-9.485909,38.761797],[-9.4847,38.761572],[-9.485044,38.760677],[-9.484203,38.760131],[-9.484995,38.759299],[-9.484533,38.758977],[-9.484972,38.758937],[-9.483958,38.758871],[-9.484304,38.75801],[-9.483411,38.758479],[-9.483777,38.757348],[-9.482215,38.757834],[-9.482138,38.757265],[-9.481363,38.757443],[-9.48182,38.756622],[-9.481615,38.75624],[-9.481055,38.756501],[-9.481255,38.755872],[-9.48051,38.755971],[-9.479999,38.756727],[-9.479299,38.755741],[-9.478503,38.756038],[-9.478861,38.754469],[-9.478246,38.755272],[-9.478438,38.7546],[-9.476343,38.75476],[-9.477267,38.753134],[-9.476436,38.753547],[-9.476075,38.753221],[-9.475792,38.753762],[-9.474891,38.753607],[-9.474918,38.753274],[-9.474052,38.753459],[-9.474413,38.752491],[-9.473088,38.751771],[-9.474393,38.75079],[-9.471984,38.750182],[-9.471893,38.749795],[-9.472437,38.748835],[-9.47172,38.748148],[-9.473274,38.747943],[-9.471709,38.746916],[-9.472138,38.746679],[-9.471747,38.746273],[-9.472837,38.745874],[-9.472277,38.745215],[-9.472636,38.744762],[-9.472246,38.744668],[-9.473318,38.743837],[-9.472302,38.743264],[-9.472175,38.742509],[-9.472582,38.742121],[-9.471972,38.741498],[-9.472432,38.740927],[-9.47338,38.741135],[-9.472915,38.740585],[-9.473759,38.740344],[-9.473274,38.738538],[-9.472123,38.73672],[-9.472945,38.735669],[-9.475246,38.729897],[-9.475716,38.729676],[-9.475463,38.729201],[-9.477131,38.728709],[-9.476117,38.727181],[-9.476692,38.726759],[-9.476278,38.72669],[-9.477202,38.724556],[-9.477864,38.723523],[-9.479785,38.723032],[-9.478747,38.72236],[-9.479267,38.722072],[-9.47884,38.721165],[-9.47907,38.720253],[-9.479991,38.718898],[-9.48122,38.718408],[-9.480966,38.718021],[-9.481685,38.717557],[-9.481378,38.717139],[-9.481822,38.717567],[-9.482268,38.717231],[-9.481967,38.716312],[-9.482576,38.716675],[-9.482907,38.716098],[-9.483119,38.716468],[-9.484284,38.71535],[-9.483977,38.715],[-9.484499,38.714932],[-9.484758,38.713257],[-9.485234,38.713403],[-9.484627,38.712926],[-9.484758,38.712387],[-9.485878,38.711987],[-9.486136,38.711053],[-9.485777,38.710587],[-9.486534,38.710256],[-9.485873,38.710128],[-9.486549,38.70961],[-9.486374,38.708921],[-9.485921,38.709047],[-9.486224,38.708143],[-9.485968,38.707855],[-9.485594,38.708218],[-9.485496,38.707569],[-9.484735,38.707545],[-9.484796,38.706814],[-9.483405,38.706682],[-9.483591,38.706053],[-9.482273,38.705885],[-9.482535,38.705203],[-9.479724,38.70503],[-9.480451,38.704026],[-9.479638,38.704098],[-9.479657,38.703435],[-9.478553,38.7032],[-9.477468,38.701838],[-9.475369,38.70157],[-9.475372,38.702214],[-9.474999,38.702185],[-9.469686,38.699374],[-9.468425,38.699228],[-9.468502,38.699522],[-9.467284,38.698679],[-9.467028,38.699086],[-9.465161,38.697399],[-9.462607,38.696255],[-9.462301,38.696591],[-9.459484,38.694867],[-9.456136,38.694801],[-9.456345,38.695108],[-9.453567,38.69455],[-9.453792,38.694834],[-9.453409,38.69502],[-9.450662,38.69484],[-9.447928,38.695385],[-9.445371,38.694466],[-9.445431,38.695009],[-9.443832,38.694842],[-9.4397,38.695765],[-9.437015,38.694776],[-9.435217,38.692811],[-9.434935,38.69299],[-9.433587,38.691811],[-9.431515,38.691379],[-9.430232,38.689911],[-9.430167,38.690822],[-9.42786,38.689759],[-9.427148,38.689969],[-9.426828,38.689374],[-9.426262,38.689617],[-9.426304,38.690242],[-9.424,38.689903],[-9.423444,38.689374],[-9.422368,38.689604],[-9.422615,38.690283],[-9.422275,38.689858],[-9.420742,38.69012],[-9.421364,38.691719],[-9.419372,38.690012],[-9.418422,38.68982],[-9.413194,38.693843],[-9.415862,38.69379],[-9.41664,38.694653],[-9.418213,38.693976],[-9.418805,38.695335],[-9.419956,38.696382],[-9.418904,38.697354],[-9.417839,38.697061],[-9.418477,38.697273],[-9.417997,38.698315],[-9.41836,38.698965],[-9.417102,38.699168],[-9.41703,38.700079],[-9.413317,38.700632],[-9.412736,38.701377],[-9.410207,38.701864],[-9.408625,38.701667],[-9.408513,38.701139],[-9.40851,38.702016],[-9.405775,38.70364],[-9.39912,38.702515],[-9.398355,38.702036],[-9.399163,38.701497],[-9.398869,38.701025],[-9.398934,38.701433],[-9.398271,38.701315],[-9.398463,38.701715],[-9.397997,38.702071],[-9.392177,38.702026],[-9.390587,38.701164],[-9.390325,38.700162],[-9.389116,38.700372],[-9.388854,38.699596],[-9.38775,38.698983],[-9.385347,38.698553],[-9.382589,38.697022],[-9.378179,38.69579],[-9.376309,38.694484],[-9.373323,38.69375],[-9.372376,38.692066],[-9.37156,38.693646],[-9.370797,38.693748],[-9.366013,38.691881],[-9.36382,38.689763],[-9.359891,38.687766],[-9.358401,38.686348],[-9.355953,38.685286],[-9.355179,38.685808],[-9.354643,38.685196],[-9.353857,38.685461],[-9.34992,38.684002],[-9.349205,38.682781],[-9.346755,38.680723],[-9.346358,38.681],[-9.345746,38.680522],[-9.342785,38.68168],[-9.335712,38.679695],[-9.330842,38.677692],[-9.328704,38.676229],[-9.326926,38.676025],[-9.327008,38.67432],[-9.326177,38.674318],[-9.325849,38.673521],[-9.324104,38.673614],[-9.323824,38.673147],[-9.323376,38.673754],[-9.324423,38.674635],[-9.322762,38.675897],[-9.321454,38.676221],[-9.32056,38.675291],[-9.318399,38.674908],[-9.316463,38.675981],[-9.316271,38.677114],[-9.317053,38.677567],[-9.317021,38.678156],[-9.316171,38.678693],[-9.315959,38.679986],[-9.315695,38.679737],[-9.314844,38.680253],[-9.315043,38.680839],[-9.314337,38.68111],[-9.314409,38.683196],[-9.313838,38.68344],[-9.31388,38.684022],[-9.313099,38.683195],[-9.313729,38.683642],[-9.310708,38.685015],[-9.305449,38.685311],[-9.305279,38.684622],[-9.3053,38.685349],[-9.304617,38.685199],[-9.304397,38.685814],[-9.302817,38.686595],[-9.301948,38.686466],[-9.2982,38.689732],[-9.293527,38.690557],[-9.293186,38.691124],[-9.293449,38.691665],[-9.290785,38.693153],[-9.291239,38.692878],[-9.291808,38.693535],[-9.291433,38.694208],[-9.290082,38.695112],[-9.289623,38.694779],[-9.289241,38.695628],[-9.285267,38.696984],[-9.28231,38.697155],[-9.282142,38.698129],[-9.280908,38.698652],[-9.27751,38.698451],[-9.276338,38.698045],[-9.276453,38.696975],[-9.276052,38.696972],[-9.275798,38.697834],[-9.274919,38.697536],[-9.274431,38.69804],[-9.27303,38.698222],[-9.270917,38.697819],[-9.268334,38.699052],[-9.266018,38.698702],[-9.261975,38.699838],[-9.257256,38.69998],[-9.254838,38.699546],[-9.251165,38.698512],[-9.251109,38.69748],[-9.2507,38.699066],[-9.241767,38.698832],[-9.237733,38.697654],[-9.234335,38.693733],[-9.233916,38.693982],[-9.234751,38.694711],[-9.232187,38.696091],[-9.230158,38.694947],[-9.23062,38.694428],[-9.229608,38.6952],[-9.224283,38.692387],[-9.221788,38.692335],[-9.219144,38.693241],[-9.218225,38.692265],[-9.216985,38.691719],[-9.216261,38.691892],[-9.215902,38.691399],[-9.176033,38.698776],[-9.175586,38.698706],[-9.175464,38.697899],[-9.163258,38.700128],[-9.162604,38.701062],[-9.157053,38.702077],[-9.161855,38.70211],[-9.161207,38.702583],[-9.159244,38.702556],[-9.159069,38.703371],[-9.156936,38.703753],[-9.157253,38.704259],[-9.156013,38.70448],[-9.155748,38.703598],[-9.154904,38.703753],[-9.154941,38.704674],[-9.148812,38.705714],[-9.146723,38.704862],[-9.14687,38.704181],[-9.146471,38.70425],[-9.146572,38.704813],[-9.145921,38.704785],[-9.146073,38.70433],[-9.145332,38.70489],[-9.14541,38.704457],[-9.144902,38.704517],[-9.145234,38.704905],[-9.14478,38.704993],[-9.144715,38.704573],[-9.144249,38.704645],[-9.144662,38.705019],[-9.141398,38.705274],[-9.136467,38.70673],[-9.136077,38.706392],[-9.135483,38.706991],[-9.134948,38.706178],[-9.134277,38.706357],[-9.134268,38.706018],[-9.133877,38.706141],[-9.134173,38.706391],[-9.131945,38.706723],[-9.13244,38.706897],[-9.128932,38.708346],[-9.128641,38.708009],[-9.125228,38.709854],[-9.109918,38.724309],[-9.108933,38.724007],[-9.105339,38.727018],[-9.105089,38.729839],[-9.097425,38.743089],[-9.097092,38.742995],[-9.097405,38.743174],[-9.097108,38.744255],[-9.096668,38.744307],[-9.097083,38.744344],[-9.096807,38.745342],[-9.095696,38.745099],[-9.09679,38.745407],[-9.095477,38.750159],[-9.094547,38.750003],[-9.094525,38.749312],[-9.094325,38.750045],[-9.093223,38.74978],[-9.095443,38.750258],[-9.094614,38.753301],[-9.091891,38.753751],[-9.092331,38.754374],[-9.091667,38.755265],[-9.090579,38.75996],[-9.092115,38.766028],[-9.092029,38.767079],[-9.091359,38.767316],[-9.091438,38.767685],[-9.091447,38.767321],[-9.092008,38.767351],[-9.091424,38.774631],[-9.090777,38.774714],[-9.091405,38.774873],[-9.090878,38.781451],[-9.088975,38.781996],[-9.08766,38.788744],[-9.087305,38.79679],[-9.073368,38.811659],[-9.068372,38.816334],[-9.063842,38.819018],[-9.047484,38.831448],[-9.038636,38.843499],[-9.035621,38.849008],[-9.02956,38.857757],[-9.028343,38.859091],[-9.025375,38.860274],[-9.02768,38.855502],[-9.028455,38.848402],[-9.023248,38.836618],[-9.019999,38.825035],[-9.016457,38.827899],[-9.00897,38.811025],[-9.004941,38.814366],[-9.001042,38.808247],[-8.999083,38.799276],[-8.998317,38.797106],[-8.995927,38.793251],[-8.989091,38.7998],[-8.975823,38.814582],[-8.971377,38.821401],[-8.968466,38.827765],[-8.96699,38.826142],[-8.968109,38.824808],[-8.968364,38.823425],[-8.969484,38.822678],[-8.972124,38.816864],[-8.98239,38.802517],[-8.981531,38.801289],[-8.98044,38.801476],[-8.975926,38.803683],[-8.974072,38.803517],[-8.970164,38.805824],[-8.970391,38.803522],[-8.973074,38.801608],[-8.985156,38.797],[-8.987368,38.795061],[-8.98814,38.79341],[-8.988179,38.791862],[-8.986613,38.791295],[-8.984876,38.791474],[-8.980234,38.794394],[-8.975393,38.79474],[-8.96923,38.796277],[-8.967654,38.79837],[-8.967189,38.799982],[-8.965555,38.799805],[-8.963442,38.799418],[-8.96099,38.79825],[-8.960025,38.79833],[-8.96003,38.79703],[-8.963765,38.793878],[-8.963966,38.793348],[-8.962976,38.791739],[-8.963512,38.790723],[-8.964536,38.789852],[-8.966225,38.789582],[-8.967414,38.790443],[-8.970783,38.789707],[-8.974858,38.787505],[-8.965687,38.786589],[-8.961792,38.785679],[-8.960798,38.786011],[-8.961565,38.788218],[-8.95888,38.787656],[-8.957799,38.789078],[-8.956062,38.788133],[-8.954854,38.788764],[-8.953651,38.788005],[-8.953654,38.784531],[-8.954373,38.783956],[-8.959207,38.784193],[-8.961628,38.783598],[-8.971845,38.784667],[-8.977843,38.784615],[-8.978751,38.784061],[-8.978136,38.782782],[-8.977976,38.780112],[-8.976485,38.778131],[-8.976695,38.776777],[-8.984058,38.772492],[-8.989063,38.770912],[-8.995273,38.77122],[-8.998562,38.772446],[-8.997878,38.773873],[-8.991247,38.772831],[-8.988484,38.773226],[-8.984823,38.774744],[-8.981127,38.777467],[-8.979665,38.777813],[-8.980747,38.779649],[-8.980842,38.782782],[-8.981876,38.78383],[-8.984637,38.784951],[-8.987502,38.785359],[-8.990692,38.783603],[-8.993606,38.783093],[-8.998377,38.780966],[-9.002065,38.778228],[-9.002736,38.777496],[-9.003936,38.773517],[-9.006721,38.771462],[-9.010392,38.764904],[-9.007995,38.762761],[-9.005335,38.761655],[-9.004142,38.760419],[-9.002475,38.760097],[-8.995269,38.761364],[-8.9927,38.76113],[-8.986181,38.76259],[-8.98556,38.762179],[-8.984567,38.760899],[-8.98843,38.760131],[-8.991194,38.758985],[-8.991701,38.758002],[-8.991327,38.756426],[-8.992021,38.755495],[-8.990836,38.755315],[-8.990353,38.755328],[-8.990499,38.75634],[-8.989615,38.757123],[-8.984165,38.758346],[-8.97865,38.760756],[-8.975282,38.761496],[-8.977223,38.759447],[-8.975282,38.757843],[-8.974818,38.756379],[-8.960642,38.761258],[-8.957364,38.761312],[-8.953914,38.762473],[-8.953631,38.760109],[-8.957214,38.758706],[-8.957839,38.759032],[-8.960905,38.75773],[-8.963315,38.757338],[-8.966446,38.755682],[-8.976784,38.752981],[-8.977727,38.751976],[-8.97915,38.752198],[-8.98121,38.751487],[-8.985438,38.751466],[-8.986666,38.75098],[-8.99416,38.751102],[-8.998429,38.751753],[-9.003472,38.753906],[-9.004473,38.753425],[-9.005592,38.753879],[-9.007249,38.755604],[-9.009045,38.756079],[-9.010353,38.75749],[-9.011929,38.756292],[-9.018343,38.75624],[-9.020159,38.754667],[-9.021174,38.752621],[-9.022925,38.751155],[-9.031027,38.740754],[-9.028922,38.73915],[-9.024832,38.739876],[-9.020686,38.739619],[-9.019215,38.74076],[-9.018775,38.741738],[-9.016031,38.743554],[-9.010287,38.744475],[-9.008714,38.743592],[-9.008998,38.74277],[-9.01288,38.740653],[-9.014851,38.740409],[-9.017773,38.737479],[-9.019527,38.736677],[-9.025719,38.736695],[-9.027694,38.734873],[-9.027841,38.733042],[-9.023927,38.730354],[-9.026937,38.730273],[-9.024077,38.725735],[-9.030142,38.724216],[-9.03653,38.721624],[-9.043685,38.717095],[-9.044649,38.716031],[-9.046465,38.713017],[-9.04639,38.71182],[-9.047561,38.708311],[-9.048337,38.703275],[-9.048536,38.696317],[-9.049841,38.691606],[-9.047849,38.687833],[-9.04481,38.683875],[-9.050899,38.683546],[-9.058179,38.683917],[-9.058204,38.683264],[-9.061063,38.68266],[-9.060669,38.682365],[-9.061644,38.681978],[-9.060452,38.679958],[-9.061049,38.678382],[-9.059589,38.676473],[-9.059314,38.677224],[-9.059804,38.677555],[-9.059271,38.67765],[-9.059834,38.678068],[-9.059244,38.677735],[-9.058882,38.676491],[-9.059154,38.675614],[-9.073788,38.670318],[-9.075321,38.670641],[-9.071452,38.669042],[-9.070315,38.668055],[-9.070314,38.667557],[-9.071805,38.667037],[-9.07197,38.668685],[-9.073007,38.668752],[-9.072846,38.667175],[-9.07351,38.667151],[-9.073599,38.667952],[-9.073735,38.666882],[-9.075677,38.667607],[-9.074844,38.665951],[-9.07728,38.665302],[-9.077459,38.665816],[-9.076767,38.666069],[-9.07753,38.665858],[-9.077432,38.665236],[-9.089546,38.662029],[-9.09181,38.659601],[-9.092555,38.658112],[-9.093034,38.658048],[-9.093247,38.658935],[-9.093824,38.659092],[-9.094856,38.654912],[-9.099736,38.648283],[-9.100745,38.649127],[-9.101082,38.650467],[-9.10187,38.651173],[-9.104089,38.650479],[-9.119116,38.652431],[-9.126275,38.654389],[-9.129211,38.655856],[-9.129414,38.656271],[-9.128496,38.657642],[-9.129476,38.656284],[-9.130215,38.65642],[-9.138481,38.659595],[-9.138902,38.663066],[-9.139663,38.663295],[-9.139955,38.663625],[-9.139623,38.663847],[-9.141128,38.665457],[-9.141344,38.671085],[-9.141383,38.667707],[-9.141847,38.667702],[-9.141958,38.66861],[-9.142062,38.665532],[-9.142936,38.665486],[-9.142967,38.666506],[-9.142974,38.665464],[-9.143637,38.665532],[-9.143682,38.666799],[-9.143702,38.665514],[-9.144516,38.665507],[-9.14454,38.666406],[-9.144598,38.665498],[-9.145952,38.665409],[-9.146477,38.665828],[-9.145668,38.66653],[-9.146533,38.665888],[-9.146617,38.666423],[-9.146931,38.666215],[-9.147309,38.666657],[-9.14603,38.667821],[-9.147645,38.667249],[-9.148337,38.668216],[-9.145604,38.66941],[-9.148393,38.66831],[-9.149217,38.669463],[-9.146944,38.670477],[-9.149284,38.669555],[-9.149891,38.670415],[-9.148132,38.67131],[-9.149959,38.670507],[-9.150483,38.671127],[-9.149558,38.671651],[-9.150479,38.67125],[-9.151047,38.672031],[-9.146045,38.673038],[-9.149765,38.67272],[-9.149862,38.673269],[-9.149278,38.673332],[-9.147878,38.675119],[-9.147403,38.675052],[-9.145292,38.677632],[-9.144353,38.677189],[-9.144598,38.676608],[-9.14197,38.679869],[-9.142714,38.679273],[-9.143636,38.679688],[-9.143209,38.680518],[-9.143838,38.679765],[-9.14689,38.681257],[-9.144565,38.684826],[-9.146201,38.685566],[-9.145636,38.686695],[-9.147134,38.686799],[-9.145451,38.686859],[-9.146398,38.687034],[-9.146299,38.688414],[-9.15184,38.687758],[-9.156809,38.685411],[-9.156858,38.685965],[-9.157414,38.685758],[-9.156874,38.685397],[-9.157593,38.685043],[-9.163197,38.683877],[-9.164218,38.683447],[-9.164431,38.682607],[-9.167663,38.681904],[-9.167892,38.682302],[-9.172708,38.680727],[-9.176929,38.680487],[-9.179696,38.679105],[-9.181757,38.679799],[-9.184506,38.678922],[-9.19205,38.678079],[-9.193989,38.678138],[-9.193934,38.678497],[-9.194175,38.678122],[-9.195769,38.678041],[-9.195436,38.678444],[-9.196304,38.678413],[-9.195903,38.678031],[-9.197844,38.677922],[-9.20287,38.678888],[-9.204723,38.678374],[-9.204789,38.677989],[-9.206988,38.677921],[-9.20772,38.676994],[-9.210741,38.677579],[-9.210721,38.677184],[-9.211582,38.677296],[-9.211332,38.677013],[-9.213167,38.676372],[-9.21899,38.675958],[-9.220435,38.675062],[-9.221507,38.675885],[-9.223349,38.675922],[-9.226213,38.674973],[-9.227705,38.675276],[-9.230218,38.674394],[-9.23096,38.67464],[-9.234558,38.673281],[-9.235541,38.674424],[-9.237922,38.674909],[-9.237967,38.675899],[-9.235252,38.676098],[-9.238194,38.676059],[-9.238108,38.674913],[-9.240577,38.67486],[-9.242953,38.67241],[-9.244754,38.668243],[-9.248841,38.667096],[-9.250455,38.665378],[-9.255504,38.664923],[-9.255683,38.665404],[-9.254432,38.666012],[-9.257568,38.665213],[-9.258709,38.66298],[-9.263925,38.662548],[-9.260383,38.66267],[-9.259043,38.660925],[-9.258983,38.660428],[-9.259997,38.659882],[-9.258381,38.660533],[-9.250787,38.65582],[-9.247174,38.651972],[-9.246977,38.651322],[-9.247868,38.650849],[-9.246832,38.651258],[-9.245524,38.649053],[-9.245405,38.648565],[-9.247038,38.647695],[-9.245426,38.648399],[-9.243532,38.645945],[-9.244291,38.645442],[-9.243433,38.645775],[-9.242106,38.644174],[-9.24188,38.643383],[-9.243346,38.642585],[-9.241427,38.643438],[-9.240484,38.642732],[-9.238952,38.640536],[-9.240125,38.639858],[-9.238738,38.640469],[-9.237124,38.638568],[-9.238237,38.637937],[-9.237061,38.638454],[-9.235062,38.636285],[-9.235608,38.635639],[-9.234565,38.636155],[-9.231924,38.633669],[-9.223067,38.622619],[-9.216687,38.613339],[-9.210891,38.602465],[-9.203765,38.584388],[-9.195343,38.569564],[-9.190073,38.557242],[-9.186739,38.545829],[-9.183203,38.529901],[-9.182571,38.522889],[-9.183243,38.508219],[-9.183004,38.505371],[-9.183939,38.493399],[-9.184357,38.489438],[-9.187527,38.476677],[-9.189676,38.470682],[-9.191475,38.468109],[-9.193416,38.463998],[-9.19381,38.461906],[-9.196276,38.459108],[-9.196436,38.458338],[-9.198661,38.456818],[-9.198935,38.455665],[-9.198551,38.454995],[-9.199149,38.453433],[-9.201786,38.452243],[-9.201231,38.451197],[-9.201974,38.450892],[-9.201441,38.450614],[-9.201655,38.450106],[-9.205501,38.448842],[-9.206283,38.447778],[-9.205597,38.446672],[-9.205878,38.446199],[-9.206843,38.446246],[-9.207547,38.444224],[-9.207346,38.443465],[-9.210309,38.440591],[-9.210423,38.440191],[-9.209754,38.439833],[-9.209363,38.437459],[-9.210302,38.436898],[-9.212627,38.433859],[-9.214685,38.430485],[-9.21755,38.428379],[-9.217402,38.427651],[-9.218108,38.427334],[-9.217403,38.427214],[-9.217975,38.425877],[-9.214899,38.424153],[-9.214892,38.423094],[-9.21846,38.42177],[-9.217484,38.419088],[-9.217621,38.418298],[-9.21947,38.41796],[-9.220279,38.417385],[-9.219765,38.417071],[-9.220952,38.416918],[-9.219765,38.41693],[-9.219914,38.416311],[-9.220666,38.416056],[-9.219812,38.415725],[-9.2198,38.414889],[-9.221355,38.414298],[-9.22252,38.414459],[-9.223014,38.413871],[-9.219947,38.412542],[-9.217822,38.41285],[-9.213741,38.412205],[-9.212822,38.412539],[-9.210839,38.412126],[-9.210774,38.411707],[-9.208658,38.411683],[-9.204468,38.410678],[-9.203048,38.409598],[-9.202659,38.410054],[-9.202288,38.409642],[-9.201159,38.409867],[-9.200297,38.409307],[-9.198311,38.409053],[-9.198141,38.40944],[-9.196134,38.409483],[-9.193793,38.411433],[-9.190777,38.412189],[-9.189184,38.413461],[-9.189589,38.414297],[-9.18882,38.414489],[-9.189492,38.416055],[-9.18823,38.415938],[-9.187717,38.416758],[-9.18797,38.417832],[-9.186653,38.419004],[-9.181228,38.420727],[-9.178479,38.422607],[-9.175299,38.426365],[-9.174583,38.426307],[-9.173706,38.427107],[-9.173063,38.42665],[-9.172289,38.427],[-9.172222,38.426354],[-9.168826,38.429589],[-9.166649,38.430069],[-9.16645,38.429578],[-9.165012,38.429747],[-9.157881,38.431152],[-9.156153,38.430271],[-9.155428,38.430657],[-9.153625,38.430545],[-9.152841,38.429859],[-9.152035,38.430269],[-9.15049,38.429865],[-9.149191,38.430117],[-9.14741,38.429462],[-9.146981,38.429678],[-9.147228,38.430256],[-9.146026,38.430717],[-9.139373,38.429544],[-9.137845,38.428866],[-9.134315,38.429919],[-9.13415,38.429177],[-9.132998,38.429661],[-9.13261,38.430814],[-9.13118,38.430772],[-9.131384,38.431886],[-9.130983,38.431441],[-9.130998,38.432019],[-9.130331,38.431805],[-9.130969,38.4323],[-9.130293,38.432665],[-9.128157,38.43277],[-9.127085,38.432294],[-9.126043,38.432866],[-9.125669,38.432719],[-9.125897,38.432174],[-9.12489,38.431945],[-9.123452,38.433316],[-9.122276,38.433639],[-9.118923,38.432998],[-9.117731,38.4335],[-9.117262,38.434228],[-9.116994,38.433842],[-9.113232,38.43471],[-9.107245,38.43849],[-9.114247,38.434709],[-9.11506,38.435897],[-9.114463,38.436304],[-9.112413,38.436236],[-9.11444,38.436349],[-9.113677,38.436904],[-9.111575,38.436837],[-9.113629,38.436946],[-9.112839,38.437503],[-9.110758,38.437485],[-9.112784,38.43755],[-9.112169,38.438244],[-9.115085,38.436089],[-9.114843,38.437786],[-9.113906,38.438336],[-9.114503,38.438636],[-9.115375,38.438333],[-9.115802,38.43914],[-9.115474,38.439881],[-9.115014,38.440124],[-9.113222,38.439281],[-9.113532,38.438803],[-9.112508,38.440151],[-9.110394,38.439746],[-9.110017,38.440234],[-9.111182,38.441292],[-9.110639,38.441643],[-9.10967,38.440928],[-9.109903,38.441553],[-9.107872,38.442609],[-9.106518,38.44267],[-9.106407,38.441655],[-9.106402,38.442766],[-9.104077,38.44297],[-9.094748,38.441299],[-9.090482,38.440105],[-9.088935,38.438928],[-9.087258,38.438714],[-9.082684,38.436478],[-9.076899,38.436381],[-9.067061,38.434901],[-9.065087,38.435404],[-9.064214,38.434736],[-9.06382,38.437401],[-9.061513,38.440378],[-9.057562,38.441095],[-9.055669,38.440565],[-9.054356,38.440914],[-9.053826,38.440723],[-9.053836,38.439624],[-9.051922,38.441185],[-9.049594,38.442054],[-9.047798,38.443339],[-9.046166,38.443467],[-9.044044,38.444367],[-9.043392,38.445909],[-9.041595,38.447065],[-9.039625,38.446994],[-9.038003,38.447837],[-9.03637,38.447837],[-9.035213,38.448426],[-9.031471,38.447582],[-9.028531,38.445913],[-9.028858,38.446684],[-9.025274,38.448594],[-9.024287,38.450281],[-9.02396,38.449767],[-9.019798,38.451941],[-9.017,38.454226],[-9.01221,38.455692],[-9.006964,38.455917],[-9.00298,38.458287],[-9.000148,38.458917],[-8.998442,38.46022],[-8.996961,38.460522],[-8.994902,38.462295],[-8.990674,38.464765],[-8.989753,38.466097],[-8.990373,38.467016],[-8.989952,38.467574],[-8.987393,38.468587],[-8.985699,38.471206],[-8.982521,38.473709],[-8.984243,38.475727],[-8.984122,38.476471],[-8.981024,38.47901],[-8.977459,38.480093],[-8.969546,38.480383],[-8.969779,38.481535],[-8.968646,38.482147],[-8.969306,38.482922],[-8.966566,38.484147],[-8.953864,38.485],[-8.948591,38.484573],[-8.944307,38.483627],[-8.947948,38.482521],[-8.949324,38.480724],[-8.945602,38.482992],[-8.942248,38.483782],[-8.942293,38.484981],[-8.941531,38.485506],[-8.933809,38.488376],[-8.933267,38.489263],[-8.933604,38.489395],[-8.933423,38.491436],[-8.932983,38.491471],[-8.930075,38.495741],[-8.929523,38.498343],[-8.928287,38.500832],[-8.927782,38.503962],[-8.926544,38.504001],[-8.925957,38.50492],[-8.92612,38.506513],[-8.926854,38.50749],[-8.925813,38.506598],[-8.924549,38.506858],[-8.922258,38.509138],[-8.918738,38.510395],[-8.918529,38.510849],[-8.913878,38.510359],[-8.907687,38.515496],[-8.906735,38.515794],[-8.907418,38.515751],[-8.906925,38.516178],[-8.899677,38.518925],[-8.900896,38.518729],[-8.901244,38.519493],[-8.898665,38.520226],[-8.898141,38.519388],[-8.899205,38.519132],[-8.897747,38.519178],[-8.897582,38.518603],[-8.900497,38.517974],[-8.897411,38.518517],[-8.897624,38.519174],[-8.893222,38.520122],[-8.893876,38.520498],[-8.892713,38.520702],[-8.892796,38.520146],[-8.889787,38.520555],[-8.886009,38.520381],[-8.887544,38.520792],[-8.887434,38.521528],[-8.88367,38.521318],[-8.883314,38.521019],[-8.883522,38.520253],[-8.885273,38.52033],[-8.883728,38.519574],[-8.877036,38.518017],[-8.876078,38.515838],[-8.868976,38.512423],[-8.86921,38.512797],[-8.86741,38.512914],[-8.866344,38.51206],[-8.86666,38.511498],[-8.863086,38.509776],[-8.859569,38.512167],[-8.855639,38.510252],[-8.854135,38.509976],[-8.85452,38.509526],[-8.852501,38.508953],[-8.852624,38.50815],[-8.851453,38.507497],[-8.850786,38.508139],[-8.849988,38.507571],[-8.850536,38.507282],[-8.849932,38.507416],[-8.848979,38.508268],[-8.848559,38.507995],[-8.84992,38.506818],[-8.849427,38.507191],[-8.848403,38.506664],[-8.847701,38.506005],[-8.847992,38.505456],[-8.84618,38.506693],[-8.84772,38.505275],[-8.84698,38.505545],[-8.845004,38.504316],[-8.843008,38.502409],[-8.84245,38.500981],[-8.842874,38.500799],[-8.842078,38.500059],[-8.839879,38.499515],[-8.837229,38.497412],[-8.836913,38.496494],[-8.834332,38.494687],[-8.834762,38.49514],[-8.834517,38.495559],[-8.832864,38.494411],[-8.833255,38.49407],[-8.833906,38.494419],[-8.833129,38.493838],[-8.832475,38.493912],[-8.8316,38.493029],[-8.829389,38.492917],[-8.828694,38.491799],[-8.826024,38.490688],[-8.82451,38.491885],[-8.823765,38.491737],[-8.82308,38.491031],[-8.82302,38.489009],[-8.820112,38.487469],[-8.819439,38.487451],[-8.817908,38.488521],[-8.816877,38.490238],[-8.812548,38.488979],[-8.817523,38.487004],[-8.818272,38.487105],[-8.817548,38.486689],[-8.814566,38.48788],[-8.81379,38.487318],[-8.813355,38.486143],[-8.813603,38.485342],[-8.815004,38.484952],[-8.814284,38.485948],[-8.814798,38.486123],[-8.815594,38.485165],[-8.815088,38.482087],[-8.814718,38.482493],[-8.813806,38.481785],[-8.811152,38.4828],[-8.814137,38.483018],[-8.813334,38.484649],[-8.810882,38.48454],[-8.810664,38.483693],[-8.811111,38.483885],[-8.811219,38.483436],[-8.809131,38.482411],[-8.809984,38.483722],[-8.809662,38.486811],[-8.808731,38.487772],[-8.808635,38.481719],[-8.810134,38.477945],[-8.810104,38.477126],[-8.808743,38.475663],[-8.806418,38.475735],[-8.806528,38.477023],[-8.806055,38.478016],[-8.806437,38.478437],[-8.806333,38.480353],[-8.805566,38.480359],[-8.806251,38.480895],[-8.807668,38.48083],[-8.808222,38.48152],[-8.808343,38.487805],[-8.793917,38.486831],[-8.793847,38.485977],[-8.793197,38.485984],[-8.793826,38.485727],[-8.79379,38.483442],[-8.796585,38.482533],[-8.79849,38.483224],[-8.800188,38.482084],[-8.800439,38.481346],[-8.801996,38.480826],[-8.801896,38.478317],[-8.802185,38.477707],[-8.80287,38.478304],[-8.803109,38.476337],[-8.801139,38.472381],[-8.798583,38.472268],[-8.798718,38.474178],[-8.797904,38.474172],[-8.797686,38.471247],[-8.797479,38.472377],[-8.793099,38.472419],[-8.792878,38.471423],[-8.792872,38.472412],[-8.791335,38.472428],[-8.791084,38.470727],[-8.7911,38.472431],[-8.789507,38.472437],[-8.789245,38.471237],[-8.789139,38.474927],[-8.788399,38.475093],[-8.787455,38.473071],[-8.787719,38.47257],[-8.786732,38.472459],[-8.787447,38.475205],[-8.787006,38.475282],[-8.786055,38.47257],[-8.786077,38.479024],[-8.785683,38.479047],[-8.785489,38.472748],[-8.777155,38.472757],[-8.777042,38.472286],[-8.776414,38.47234],[-8.776874,38.473491],[-8.775454,38.477143],[-8.776297,38.478323],[-8.778256,38.47884],[-8.778582,38.478841],[-8.778509,38.478001],[-8.779613,38.477865],[-8.779763,38.477256],[-8.780873,38.477818],[-8.781195,38.479103],[-8.783154,38.47962],[-8.783531,38.483534],[-8.785383,38.486214],[-8.785418,38.487586],[-8.783614,38.487567],[-8.783546,38.488408],[-8.781861,38.489518],[-8.785011,38.489249],[-8.785424,38.48998],[-8.780177,38.491686],[-8.779974,38.491325],[-8.780757,38.490361],[-8.779612,38.491221],[-8.778505,38.490717],[-8.77858,38.479611],[-8.777926,38.47961],[-8.777131,38.483288],[-8.777658,38.484576],[-8.776961,38.485343],[-8.777613,38.485858],[-8.7781,38.490848],[-8.779965,38.492449],[-8.777377,38.493171],[-8.773942,38.491609],[-8.770605,38.493007],[-8.768547,38.495081],[-8.768164,38.496013],[-8.769539,38.496837],[-8.772329,38.496169],[-8.772656,38.497728],[-8.770021,38.497875],[-8.770077,38.499399],[-8.771138,38.499493],[-8.770637,38.501152],[-8.771324,38.501731],[-8.769699,38.502666],[-8.76878,38.501193],[-8.769167,38.49989],[-8.766804,38.498125],[-8.7655,38.497818],[-8.764973,38.499487],[-8.76555,38.500119],[-8.7653,38.500555],[-8.766035,38.501017],[-8.765812,38.501607],[-8.766234,38.502386],[-8.765476,38.50261],[-8.762879,38.501458],[-8.759967,38.499316],[-8.758633,38.499085],[-8.759192,38.497528],[-8.756428,38.497359],[-8.755144,38.498743],[-8.758123,38.500871],[-8.76036,38.501786],[-8.761048,38.501546],[-8.766132,38.504378],[-8.768827,38.505312],[-8.769393,38.506407],[-8.772049,38.506397],[-8.774591,38.507209],[-8.782412,38.507563],[-8.784928,38.508888],[-8.784279,38.507932],[-8.785274,38.507713],[-8.785578,38.50707],[-8.786691,38.50702],[-8.786691,38.506579],[-8.787518,38.506938],[-8.787287,38.507677],[-8.786488,38.508079],[-8.787351,38.508221],[-8.786991,38.508291],[-8.787261,38.508767],[-8.788922,38.507429],[-8.794455,38.505248],[-8.795802,38.505323],[-8.795977,38.504528],[-8.797331,38.504387],[-8.797664,38.504868],[-8.798756,38.504692],[-8.798885,38.504249],[-8.803537,38.505386],[-8.805221,38.504419],[-8.805162,38.505514],[-8.805801,38.5056],[-8.805466,38.506289],[-8.807645,38.505811],[-8.806842,38.506566],[-8.81263,38.508746],[-8.813404,38.507942],[-8.819117,38.508336],[-8.819233,38.507886],[-8.821593,38.509321],[-8.824814,38.50914],[-8.825203,38.509753],[-8.823386,38.510464],[-8.823094,38.511802],[-8.822308,38.511348],[-8.822253,38.510819],[-8.818261,38.509361],[-8.81713,38.510046],[-8.817814,38.510673],[-8.817595,38.511863],[-8.816731,38.510677],[-8.815403,38.511351],[-8.812072,38.510174],[-8.81064,38.511754],[-8.812289,38.512694],[-8.814301,38.512161],[-8.815945,38.513511],[-8.82154,38.514495],[-8.817707,38.514281],[-8.817914,38.515471],[-8.81893,38.516277],[-8.820835,38.516823],[-8.821331,38.516579],[-8.821124,38.517437],[-8.819488,38.516741],[-8.818901,38.517095],[-8.819314,38.516768],[-8.818324,38.516632],[-8.818024,38.516061],[-8.816956,38.516138],[-8.817007,38.513928],[-8.815559,38.513586],[-8.814371,38.512518],[-8.81234,38.513123],[-8.810462,38.512392],[-8.810047,38.5106],[-8.809202,38.510436],[-8.808824,38.509485],[-8.807737,38.508738],[-8.80641,38.508306],[-8.804527,38.508757],[-8.807295,38.510316],[-8.804162,38.50895],[-8.803001,38.509403],[-8.802448,38.508898],[-8.799975,38.509672],[-8.801474,38.510837],[-8.806318,38.511714],[-8.800887,38.510931],[-8.80174,38.512153],[-8.803328,38.513089],[-8.80627,38.513041],[-8.806257,38.513782],[-8.807571,38.514191],[-8.809188,38.513469],[-8.811509,38.513658],[-8.812367,38.514224],[-8.809674,38.513861],[-8.808735,38.51481],[-8.809714,38.515456],[-8.808614,38.51503],[-8.808499,38.514065],[-8.806509,38.514132],[-8.805881,38.514623],[-8.804398,38.513868],[-8.801575,38.51421],[-8.800035,38.512819],[-8.79903,38.510558],[-8.797833,38.510348],[-8.792941,38.511792],[-8.7934,38.513121],[-8.794113,38.513077],[-8.794027,38.51399],[-8.796822,38.514789],[-8.797251,38.515394],[-8.799994,38.514961],[-8.80036,38.515312],[-8.802015,38.515226],[-8.803545,38.514766],[-8.807125,38.516061],[-8.806903,38.516411],[-8.806078,38.51587],[-8.805677,38.516103],[-8.805889,38.517868],[-8.805132,38.51688],[-8.805038,38.515495],[-8.803595,38.515182],[-8.802243,38.515941],[-8.800959,38.51604],[-8.800838,38.516498],[-8.799893,38.51575],[-8.795871,38.516175],[-8.79458,38.518067],[-8.794851,38.518776],[-8.794382,38.519459],[-8.794568,38.519011],[-8.793205,38.518054],[-8.793799,38.517361],[-8.792236,38.515629],[-8.788537,38.515928],[-8.788404,38.516744],[-8.790213,38.517185],[-8.790106,38.517662],[-8.790606,38.517455],[-8.791154,38.518008],[-8.791995,38.517498],[-8.791476,38.518233],[-8.790192,38.518133],[-8.787555,38.518863],[-8.785138,38.518239],[-8.784804,38.518539],[-8.784168,38.517426],[-8.783459,38.51736],[-8.78399,38.518483],[-8.785195,38.51927],[-8.78919,38.520422],[-8.789636,38.520983],[-8.790411,38.520819],[-8.793319,38.521725],[-8.794642,38.522996],[-8.794247,38.523085],[-8.794557,38.523695],[-8.795354,38.523959],[-8.797102,38.523563],[-8.795643,38.524104],[-8.796812,38.524424],[-8.796162,38.524377],[-8.796333,38.524787],[-8.796941,38.524819],[-8.79677,38.524101],[-8.797688,38.524163],[-8.800334,38.526673],[-8.803233,38.527346],[-8.802885,38.528486],[-8.804952,38.528633],[-8.802279,38.528686],[-8.801543,38.529963],[-8.800601,38.530022],[-8.800794,38.530498],[-8.802733,38.530879],[-8.802854,38.531654],[-8.80239,38.532149],[-8.804973,38.532972],[-8.805058,38.532055],[-8.804262,38.530922],[-8.805914,38.530639],[-8.806729,38.531165],[-8.805992,38.530802],[-8.804865,38.531715],[-8.805268,38.533108],[-8.805764,38.533269],[-8.804787,38.534362],[-8.805081,38.534042],[-8.80403,38.532975],[-8.800361,38.532482],[-8.799388,38.535206],[-8.800524,38.536502],[-8.799235,38.537175],[-8.79968,38.535865],[-8.79865,38.53532],[-8.799291,38.534319],[-8.799065,38.533836],[-8.79798,38.533769],[-8.795895,38.534395],[-8.794726,38.536369],[-8.793572,38.537318],[-8.793713,38.538606],[-8.794917,38.538545],[-8.794533,38.539669],[-8.794856,38.540254],[-8.797529,38.539973],[-8.797952,38.539388],[-8.798867,38.539677],[-8.798013,38.539771],[-8.797677,38.540304],[-8.796494,38.54006],[-8.795786,38.540663],[-8.791567,38.54089],[-8.791316,38.540454],[-8.791949,38.539335],[-8.790791,38.5388],[-8.789066,38.540286],[-8.788589,38.541383],[-8.789896,38.542199],[-8.796769,38.543971],[-8.799778,38.54381],[-8.800477,38.542277],[-8.800699,38.542813],[-8.800135,38.54393],[-8.801322,38.545012],[-8.800928,38.546041],[-8.802713,38.547258],[-8.803923,38.546251],[-8.8065,38.547068],[-8.806459,38.546307],[-8.806035,38.545961],[-8.805654,38.546248],[-8.805984,38.545837],[-8.806863,38.546993],[-8.806348,38.547818],[-8.808256,38.548925],[-8.809096,38.548327],[-8.811024,38.548262],[-8.810397,38.548837],[-8.807873,38.549065],[-8.805857,38.548046],[-8.805969,38.547451],[-8.80367,38.546988],[-8.803214,38.547472],[-8.803929,38.547771],[-8.803,38.548268],[-8.801842,38.546933],[-8.801051,38.546766],[-8.80102,38.547506],[-8.799568,38.548996],[-8.799539,38.550196],[-8.800604,38.550318],[-8.800234,38.551107],[-8.801224,38.551866],[-8.80437,38.552067],[-8.804059,38.552428],[-8.80201,38.552099],[-8.801427,38.552499],[-8.799117,38.550031],[-8.798065,38.550623],[-8.797674,38.550338],[-8.797948,38.549734],[-8.797505,38.549333],[-8.799122,38.549412],[-8.799703,38.548487],[-8.79916,38.546385],[-8.799501,38.545561],[-8.798569,38.544605],[-8.794913,38.544788],[-8.79536,38.544544],[-8.794449,38.544038],[-8.789116,38.543051],[-8.788565,38.543522],[-8.788605,38.543948],[-8.789318,38.544117],[-8.789146,38.544702],[-8.787901,38.544682],[-8.786995,38.544085],[-8.786548,38.544404],[-8.786765,38.545021],[-8.787727,38.545445],[-8.78749,38.545836],[-8.786225,38.544924],[-8.786175,38.544403],[-8.787049,38.543828],[-8.78843,38.544647],[-8.789067,38.544456],[-8.788027,38.544057],[-8.787807,38.543242],[-8.788234,38.542762],[-8.786885,38.542458],[-8.786079,38.541244],[-8.782298,38.539551],[-8.782122,38.53999],[-8.7827,38.540816],[-8.782316,38.541534],[-8.780287,38.540289],[-8.777948,38.541464],[-8.777113,38.540553],[-8.776763,38.540589],[-8.776593,38.541903],[-8.774522,38.542334],[-8.776762,38.53986],[-8.778009,38.54122],[-8.77933,38.540903],[-8.779565,38.540534],[-8.778713,38.539828],[-8.77922,38.538903],[-8.780673,38.538991],[-8.780717,38.538402],[-8.781914,38.538578],[-8.782718,38.538104],[-8.780618,38.534898],[-8.779963,38.53283],[-8.774502,38.533431],[-8.771797,38.533974],[-8.770701,38.53485],[-8.767874,38.535657],[-8.766011,38.535604],[-8.764393,38.537118],[-8.759649,38.53932],[-8.758603,38.54058],[-8.757733,38.542587],[-8.75852,38.542919],[-8.758499,38.543435],[-8.760369,38.543897],[-8.759888,38.544364],[-8.759003,38.543743],[-8.757144,38.543428],[-8.756508,38.544213],[-8.756655,38.545229],[-8.757757,38.545505],[-8.757809,38.546299],[-8.758351,38.546605],[-8.7571,38.548059],[-8.758279,38.548236],[-8.757978,38.548812],[-8.756371,38.548223],[-8.757405,38.546919],[-8.757125,38.546056],[-8.755488,38.545874],[-8.752693,38.549263],[-8.749687,38.550499],[-8.748123,38.550429],[-8.74831,38.552545],[-8.749331,38.5532],[-8.749182,38.553976],[-8.751642,38.555549],[-8.751007,38.557002],[-8.749682,38.556026],[-8.748383,38.556898],[-8.750158,38.558245],[-8.751886,38.558859],[-8.75099,38.558987],[-8.749011,38.557762],[-8.747866,38.558094],[-8.747603,38.557284],[-8.746211,38.556655],[-8.745545,38.55682],[-8.747136,38.559536],[-8.747469,38.561539],[-8.748414,38.56266],[-8.749818,38.563354],[-8.750214,38.564384],[-8.749539,38.564195],[-8.748694,38.563042],[-8.747282,38.562563],[-8.746899,38.563226],[-8.744934,38.563945],[-8.745122,38.564739],[-8.741266,38.565058],[-8.740353,38.565958],[-8.741486,38.566705],[-8.741253,38.567001],[-8.74017,38.566856],[-8.739072,38.567996],[-8.735941,38.569739],[-8.734855,38.56928],[-8.733765,38.567945],[-8.73564,38.567563],[-8.736477,38.566856],[-8.737691,38.563866],[-8.737633,38.562223],[-8.741581,38.560774],[-8.740062,38.558717],[-8.740034,38.55815],[-8.741029,38.557909],[-8.73954,38.553523],[-8.740201,38.552638],[-8.740185,38.551607],[-8.739495,38.551134],[-8.739111,38.551952],[-8.738496,38.549731],[-8.736676,38.54839],[-8.735714,38.548493],[-8.735169,38.547511],[-8.735134,38.54644],[-8.737179,38.545555],[-8.73831,38.543655],[-8.739436,38.539373],[-8.740625,38.53896],[-8.741921,38.537632],[-8.741607,38.534014],[-8.740525,38.531243],[-8.740208,38.528417],[-8.737942,38.522041],[-8.733809,38.51858],[-8.732399,38.518325],[-8.727329,38.518499],[-8.725501,38.517682],[-8.723685,38.518224],[-8.721728,38.519711],[-8.719811,38.518224],[-8.719453,38.516483],[-8.716939,38.514181],[-8.715397,38.514899],[-8.713035,38.517555],[-8.711124,38.518137],[-8.710227,38.518093],[-8.709688,38.51739],[-8.70858,38.517545],[-8.708326,38.518094],[-8.708831,38.518783],[-8.708343,38.519178],[-8.706962,38.517948],[-8.706462,38.516568],[-8.707508,38.516029],[-8.711455,38.516423],[-8.713015,38.514112],[-8.715902,38.512234],[-8.717723,38.512242],[-8.72107,38.513695],[-8.724827,38.513828],[-8.725504,38.514424],[-8.727285,38.514517],[-8.72792,38.513561],[-8.728513,38.5081],[-8.726566,38.504243],[-8.726522,38.502808],[-8.7259,38.501692],[-8.726238,38.497035],[-8.725578,38.493479],[-8.723679,38.490109],[-8.723845,38.489339],[-8.723298,38.4886],[-8.722429,38.4842],[-8.723089,38.483075],[-8.722316,38.482053],[-8.722794,38.476939],[-8.722086,38.475818],[-8.721785,38.473932],[-8.722204,38.470707],[-8.721809,38.465644],[-8.723287,38.465868],[-8.722081,38.463974],[-8.721818,38.46268],[-8.722205,38.461118],[-8.721394,38.460828],[-8.720532,38.458767],[-8.720427,38.454778],[-8.721598,38.448089],[-8.720353,38.446547],[-8.720278,38.445087],[-8.721008,38.443203],[-8.722681,38.442595],[-8.719152,38.439629],[-8.716523,38.439036],[-8.715214,38.439177],[-8.71265,38.44141],[-8.713562,38.442475],[-8.711641,38.443905],[-8.71045,38.444056],[-8.709474,38.443034],[-8.707704,38.443355],[-8.704517,38.442778],[-8.700891,38.443096],[-8.699185,38.442567],[-8.696299,38.439584],[-8.69351,38.438614],[-8.688559,38.434883],[-8.68354,38.428641],[-8.678385,38.423599],[-8.671265,38.419586],[-8.669079,38.41764],[-8.658526,38.410521],[-8.661744,38.406012],[-8.665527,38.407848],[-8.668172,38.408418],[-8.671108,38.409875],[-8.674204,38.410327],[-8.677775,38.411912],[-8.681408,38.41167],[-8.68215,38.410324],[-8.688757,38.411606],[-8.693512,38.415211],[-8.698564,38.414155],[-8.700461,38.415675],[-8.698601,38.417515],[-8.698765,38.418003],[-8.712364,38.417908],[-8.712993,38.418374],[-8.717061,38.417283],[-8.717913,38.417922],[-8.722544,38.418987],[-8.727047,38.418827],[-8.729453,38.420018],[-8.738541,38.41891],[-8.740095,38.419394],[-8.743545,38.417987],[-8.747081,38.418208],[-8.747462,38.417096],[-8.753195,38.414483],[-8.753593,38.413048],[-8.754177,38.413606],[-8.758783,38.412158],[-8.758888,38.411219],[-8.760654,38.410429],[-8.761016,38.409099],[-8.759916,38.40881],[-8.759535,38.408204],[-8.761682,38.407142],[-8.763358,38.407843],[-8.763599,38.407008],[-8.763711,38.407688],[-8.768265,38.406536],[-8.770594,38.410625],[-8.771445,38.411031],[-8.77407,38.408471],[-8.775526,38.409044],[-8.77708,38.410739],[-8.776408,38.411728],[-8.777201,38.414872],[-8.775182,38.415793],[-8.776685,38.41981],[-8.785238,38.423128],[-8.787986,38.420972],[-8.789888,38.422965],[-8.790373,38.423981],[-8.789993,38.424455],[-8.790235,38.42539],[-8.792184,38.427253],[-8.791248,38.429407],[-8.793214,38.43137],[-8.798694,38.435164],[-8.798852,38.437289],[-8.798006,38.440703],[-8.80097,38.441839],[-8.802519,38.441873],[-8.804629,38.440893],[-8.805998,38.438919],[-8.806082,38.438324],[-8.805463,38.437617],[-8.80634,38.437218],[-8.808265,38.432031],[-8.808493,38.430479],[-8.807859,38.428485],[-8.804422,38.427906],[-8.803134,38.427207],[-8.797593,38.426652],[-8.794057,38.422819],[-8.793901,38.422104],[-8.79958,38.418745],[-8.797156,38.418076],[-8.79366,38.419164],[-8.790435,38.41814],[-8.788273,38.415543],[-8.786605,38.414441],[-8.78724,38.411967],[-8.788565,38.410681],[-8.786556,38.409292],[-8.786164,38.408436],[-8.788861,38.407461],[-8.792077,38.407463],[-8.792843,38.402896],[-8.794836,38.401838],[-8.792824,38.400526],[-8.792612,38.399803],[-8.794035,38.398912],[-8.794105,38.396237],[-8.792741,38.395656],[-8.791759,38.394114],[-8.79258,38.392769],[-8.793393,38.392408],[-8.795535,38.393599],[-8.795968,38.396181],[-8.797114,38.396213],[-8.798593,38.394432],[-8.799001,38.39308],[-8.798223,38.390342],[-8.794142,38.385829],[-8.792659,38.385784],[-8.791785,38.386619],[-8.790886,38.386195],[-8.790986,38.384648],[-8.79151,38.384169],[-8.788851,38.381886],[-8.793465,38.381852],[-8.793252,38.383906],[-8.7968,38.383359],[-8.797891,38.38663],[-8.799342,38.388464],[-8.799038,38.389994],[-8.801524,38.392731],[-8.804593,38.398987],[-8.804913,38.401354],[-8.804325,38.402189],[-8.805269,38.402301],[-8.805912,38.403052],[-8.806906,38.407314],[-8.80969,38.410285],[-8.809996,38.411429],[-8.812275,38.413487],[-8.813906,38.41426],[-8.815694,38.417089],[-8.815693,38.417859],[-8.817158,38.419146],[-8.819115,38.419663],[-8.822847,38.428444],[-8.825032,38.430279],[-8.826206,38.432427],[-8.828703,38.43817],[-8.829026,38.439968],[-8.831954,38.444853],[-8.832602,38.446909],[-8.832436,38.44741],[-8.831679,38.447453],[-8.831133,38.446393],[-8.829827,38.446262],[-8.825588,38.44343],[-8.823874,38.442997],[-8.826503,38.444773],[-8.824255,38.443896],[-8.825042,38.44487],[-8.829277,38.446463],[-8.830296,38.44735],[-8.826935,38.446298],[-8.830135,38.448477],[-8.833394,38.449651],[-8.834649,38.450618],[-8.837855,38.451329],[-8.843615,38.453493],[-8.850123,38.456465],[-8.856875,38.460857],[-8.863339,38.466546],[-8.862832,38.46692],[-8.861994,38.466315],[-8.862384,38.466882],[-8.863594,38.467675],[-8.862897,38.46698],[-8.863402,38.466614],[-8.868733,38.471546],[-8.870417,38.473659],[-8.869482,38.474196],[-8.871071,38.475879],[-8.871636,38.475528],[-8.872483,38.476111],[-8.876875,38.47999],[-8.878315,38.481614],[-8.878786,38.484245],[-8.882149,38.486311],[-8.886418,38.487491],[-8.887413,38.486786],[-8.886478,38.485526],[-8.884432,38.485142],[-8.882318,38.483357],[-8.882107,38.48172],[-8.882649,38.480276],[-8.88445,38.477966],[-8.882488,38.478862],[-8.880713,38.476412],[-8.880714,38.47567],[-8.879946,38.475079],[-8.880287,38.473601],[-8.8817,38.47197],[-8.883152,38.472314],[-8.883557,38.475261],[-8.885696,38.477338],[-8.887781,38.481443],[-8.886539,38.4824],[-8.885559,38.482261],[-8.885279,38.482686],[-8.888504,38.482998],[-8.890976,38.48388],[-8.893868,38.48803],[-8.896967,38.489874],[-8.897152,38.490668],[-8.896086,38.490924],[-8.894282,38.490156],[-8.893746,38.489328],[-8.892341,38.489186],[-8.889886,38.487353],[-8.889277,38.485902],[-8.889745,38.484818],[-8.889031,38.484434],[-8.888514,38.48528],[-8.88941,38.487499],[-8.88956,38.489232],[-8.889044,38.49039],[-8.889515,38.490753],[-8.897174,38.493665],[-8.900844,38.494121],[-8.900382,38.494594],[-8.90149,38.494553],[-8.901077,38.494382],[-8.900942,38.493352],[-8.90351,38.493337],[-8.90362,38.494305],[-8.905137,38.494132],[-8.908133,38.491375],[-8.91112,38.491107],[-8.912286,38.490388],[-8.911214,38.487917],[-8.906019,38.484436],[-8.905216,38.482857],[-8.902833,38.481083],[-8.901658,38.479695],[-8.900682,38.477125],[-8.898892,38.475805],[-8.888878,38.470749],[-8.879411,38.46255],[-8.872721,38.45869],[-8.872069,38.457662],[-8.866521,38.455215],[-8.864401,38.453544],[-8.860816,38.44943],[-8.852174,38.442612],[-8.846467,38.438881],[-8.834243,38.428975],[-8.826591,38.420361],[-8.819759,38.41059],[-8.81196,38.396965],[-8.802223,38.377171],[-8.795417,38.360721],[-8.788299,38.340417],[-8.783467,38.320374],[-8.776768,38.272073],[-8.775273,38.228661],[-8.777175,38.206849],[-8.780241,38.185056],[-8.781944,38.175761],[-8.789515,38.145208],[-8.79477,38.127237],[-8.800342,38.110808],[-8.812785,38.078735],[-8.821576,38.05794],[-8.83097,38.0377],[-8.844171,38.012008],[-8.859732,37.985805],[-8.865281,37.9781],[-8.869119,37.973934],[-8.870634,37.971077],[-8.873012,37.968766],[-8.878663,37.968193],[-8.879687,37.96621],[-8.87925,37.965708],[-8.879846,37.965954],[-8.88169,37.964632],[-8.882605,37.964904],[-8.882827,37.963695],[-8.88516,37.962736],[-8.885235,37.962158],[-8.887037,37.96065],[-8.886661,37.959616],[-8.88811,37.958302],[-8.88819,37.957575],[-8.88762,37.957226],[-8.887072,37.953917],[-8.887401,37.953355],[-8.88831,37.953171],[-8.887929,37.953082],[-8.889299,37.951567],[-8.890101,37.948867],[-8.889425,37.941428],[-8.888665,37.940809],[-8.888267,37.941337],[-8.889058,37.949414],[-8.887871,37.951965],[-8.885688,37.952228],[-8.884258,37.951167],[-8.883993,37.950054],[-8.880815,37.950536],[-8.880516,37.949],[-8.879397,37.948978],[-8.878447,37.950155],[-8.875073,37.950684],[-8.87379,37.951374],[-8.869811,37.950859],[-8.870249,37.951382],[-8.872919,37.95187],[-8.871141,37.9538],[-8.868687,37.954092],[-8.865966,37.95333],[-8.864619,37.952209],[-8.864306,37.951642],[-8.865056,37.950788],[-8.864139,37.950062],[-8.865591,37.949425],[-8.867069,37.950779],[-8.867511,37.950497],[-8.865728,37.949123],[-8.864024,37.949584],[-8.86158,37.947673],[-8.861612,37.946548],[-8.860086,37.945526],[-8.859661,37.945634],[-8.861012,37.946745],[-8.860743,37.947232],[-8.857859,37.946873],[-8.85787,37.946082],[-8.858536,37.945427],[-8.856916,37.944686],[-8.855634,37.943087],[-8.856066,37.941933],[-8.854641,37.940537],[-8.856007,37.938892],[-8.856636,37.938746],[-8.858929,37.940142],[-8.859475,37.939588],[-8.852786,37.935816],[-8.855286,37.93403],[-8.856913,37.933534],[-8.865738,37.938986],[-8.866242,37.939045],[-8.866311,37.938523],[-8.857009,37.932929],[-8.853584,37.929228],[-8.847777,37.925696],[-8.845172,37.922265],[-8.844573,37.922607],[-8.847045,37.926211],[-8.852918,37.929615],[-8.855475,37.932391],[-8.855238,37.933546],[-8.853257,37.934643],[-8.849973,37.938047],[-8.849718,37.937295],[-8.848423,37.937636],[-8.847655,37.936821],[-8.850067,37.934785],[-8.841866,37.929881],[-8.841223,37.930477],[-8.842555,37.931403],[-8.841954,37.933468],[-8.844738,37.935181],[-8.842578,37.936818],[-8.841346,37.936756],[-8.838449,37.937836],[-8.832619,37.93687],[-8.827251,37.93464],[-8.821604,37.933634],[-8.815486,37.931382],[-8.81348,37.929995],[-8.813969,37.928855],[-8.813491,37.928151],[-8.81278,37.929785],[-8.809885,37.929791],[-8.809454,37.9292],[-8.810506,37.929102],[-8.810636,37.928592],[-8.813018,37.928954],[-8.811805,37.928216],[-8.81029,37.928251],[-8.809458,37.92744],[-8.811147,37.9253],[-8.809577,37.926831],[-8.810798,37.925155],[-8.809181,37.926677],[-8.810328,37.924899],[-8.80953,37.925439],[-8.807839,37.924523],[-8.803633,37.914684],[-8.803251,37.911492],[-8.802124,37.91067],[-8.800461,37.908188],[-8.799023,37.903624],[-8.799191,37.901564],[-8.798537,37.899625],[-8.799049,37.899539],[-8.799199,37.896492],[-8.79844,37.895756],[-8.797933,37.893711],[-8.797583,37.887873],[-8.796151,37.884754],[-8.796658,37.879002],[-8.795712,37.878451],[-8.795027,37.876795],[-8.795956,37.875253],[-8.795311,37.874224],[-8.794663,37.874094],[-8.795044,37.873521],[-8.794077,37.871134],[-8.793314,37.865525],[-8.794366,37.864461],[-8.793977,37.862916],[-8.795253,37.860475],[-8.794818,37.859622],[-8.7954,37.8586],[-8.794599,37.857827],[-8.79509,37.856258],[-8.794716,37.854957],[-8.794068,37.854956],[-8.796342,37.852648],[-8.795793,37.852309],[-8.797702,37.852019],[-8.795692,37.851589],[-8.796572,37.850429],[-8.796262,37.849099],[-8.794085,37.848919],[-8.794024,37.849298],[-8.793485,37.849081],[-8.792854,37.849712],[-8.791798,37.849756],[-8.792008,37.849296],[-8.794998,37.848005],[-8.795335,37.846301],[-8.794381,37.845628],[-8.793532,37.846433],[-8.792797,37.846092],[-8.79345,37.845133],[-8.792896,37.84472],[-8.793376,37.84232],[-8.792649,37.841596],[-8.79302,37.841268],[-8.792489,37.84044],[-8.791795,37.840447],[-8.79039,37.83851],[-8.790394,37.836969],[-8.792507,37.834147],[-8.79318,37.832414],[-8.792032,37.830293],[-8.792366,37.826954],[-8.791722,37.825669],[-8.792375,37.823615],[-8.793509,37.823103],[-8.79297,37.819562],[-8.794014,37.816425],[-8.794346,37.8136],[-8.795162,37.810776],[-8.79581,37.810777],[-8.795814,37.809236],[-8.796462,37.809237],[-8.798916,37.799993],[-8.801841,37.795632],[-8.802169,37.794091],[-8.801848,37.793063],[-8.802178,37.790495],[-8.801855,37.790237],[-8.802821,37.781599],[-8.802206,37.78022],[-8.802698,37.777652],[-8.805826,37.777283],[-8.805005,37.776402],[-8.805947,37.776315],[-8.806433,37.775216],[-8.807183,37.775025],[-8.807136,37.772233],[-8.805301,37.772133],[-8.804335,37.770205],[-8.806517,37.770506],[-8.806902,37.770155],[-8.804179,37.768406],[-8.806421,37.767003],[-8.806453,37.764814],[-8.807102,37.764301],[-8.806943,37.76276],[-8.806296,37.762759],[-8.806465,37.76019],[-8.806142,37.759933],[-8.807279,37.758136],[-8.80825,37.757881],[-8.807606,37.756853],[-8.808253,37.756854],[-8.80842,37.755056],[-8.807939,37.753257],[-8.807292,37.753256],[-8.807456,37.752486],[-8.808915,37.750946],[-8.809885,37.751205],[-8.809888,37.750177],[-8.809241,37.750177],[-8.809566,37.749663],[-8.81086,37.749408],[-8.810862,37.748895],[-8.811184,37.749409],[-8.812154,37.749411],[-8.811833,37.748639],[-8.811186,37.748638],[-8.811677,37.746584],[-8.81071,37.745298],[-8.810873,37.744271],[-8.811843,37.744529],[-8.811845,37.744016],[-8.811198,37.744015],[-8.810964,37.742073],[-8.809743,37.741135],[-8.803551,37.739611],[-8.803857,37.739191],[-8.802623,37.739368],[-8.803126,37.738482],[-8.802093,37.738755],[-8.801416,37.73732],[-8.797906,37.737156],[-8.797891,37.736606],[-8.801428,37.737067],[-8.80188,37.736702],[-8.7999,37.736974],[-8.797427,37.73638],[-8.796584,37.733727],[-8.796997,37.731918],[-8.793292,37.72703],[-8.793137,37.724461],[-8.792613,37.723712],[-8.792825,37.720094],[-8.791049,37.71932],[-8.790891,37.718036],[-8.78905,37.719075],[-8.787202,37.718585],[-8.786437,37.714001],[-8.788612,37.71314],[-8.788807,37.711867],[-8.790104,37.710585],[-8.790596,37.70776],[-8.791567,37.707505],[-8.791893,37.706478],[-8.79254,37.706479],[-8.791899,37.705576],[-8.792839,37.705824],[-8.793631,37.704664],[-8.795728,37.705255],[-8.795091,37.704886],[-8.795267,37.704275],[-8.796474,37.704365],[-8.796104,37.703659],[-8.795165,37.703419],[-8.795181,37.702833],[-8.795988,37.702673],[-8.795016,37.702408],[-8.794824,37.698777],[-8.793684,37.699013],[-8.791897,37.697292],[-8.791968,37.696889],[-8.793018,37.696666],[-8.792732,37.695528],[-8.793382,37.695351],[-8.792018,37.694709],[-8.792094,37.692863],[-8.793813,37.691044],[-8.794522,37.691069],[-8.793716,37.690554],[-8.793074,37.689012],[-8.793236,37.688498],[-8.793883,37.6885],[-8.793402,37.687214],[-8.793568,37.685673],[-8.794862,37.685162],[-8.794865,37.684134],[-8.795511,37.684135],[-8.794868,37.68285],[-8.795515,37.682851],[-8.795033,37.68208],[-8.795359,37.680796],[-8.796331,37.680027],[-8.795696,37.675916],[-8.796352,37.672577],[-8.797648,37.671295],[-8.798465,37.6677],[-8.799759,37.667189],[-8.799764,37.665134],[-8.801058,37.664879],[-8.801412,37.6643],[-8.801546,37.663595],[-8.800902,37.662823],[-8.801562,37.661613],[-8.802682,37.661542],[-8.802211,37.659606],[-8.802688,37.659487],[-8.802689,37.658973],[-8.800751,37.658713],[-8.800966,37.656904],[-8.801726,37.65666],[-8.801734,37.653577],[-8.80238,37.653578],[-8.802224,37.651523],[-8.804331,37.648701],[-8.805947,37.648703],[-8.805464,37.648189],[-8.805792,37.646391],[-8.806439,37.645878],[-8.805957,37.644593],[-8.806604,37.644594],[-8.806608,37.643053],[-8.807254,37.643054],[-8.806934,37.641769],[-8.807904,37.641514],[-8.80722,37.640084],[-8.808238,37.638654],[-8.807707,37.637889],[-8.80856,37.637662],[-8.808394,37.635904],[-8.80979,37.635497],[-8.809502,37.634796],[-8.810491,37.635002],[-8.81034,37.633828],[-8.809217,37.633167],[-8.809139,37.632638],[-8.809542,37.632526],[-8.809871,37.629957],[-8.810517,37.629958],[-8.810528,37.625848],[-8.809882,37.625847],[-8.809079,37.624305],[-8.808921,37.622763],[-8.810858,37.623023],[-8.809573,37.620195],[-8.810219,37.620453],[-8.810543,37.619683],[-8.811189,37.619684],[-8.811516,37.6184],[-8.812162,37.618401],[-8.81184,37.617758],[-8.811195,37.617629],[-8.811522,37.615831],[-8.810719,37.614289],[-8.810882,37.613775],[-8.811527,37.613776],[-8.811529,37.613262],[-8.810883,37.613262],[-8.811533,37.611464],[-8.812502,37.611466],[-8.811698,37.610437],[-8.811863,37.608639],[-8.812831,37.608897],[-8.812996,37.60787],[-8.813804,37.607101],[-8.815419,37.607103],[-8.81487,37.605927],[-8.816069,37.605306],[-8.814944,37.603506],[-8.816591,37.601976],[-8.818301,37.601777],[-8.818749,37.601112],[-8.817362,37.599455],[-8.819352,37.598618],[-8.817542,37.595724],[-8.817757,37.595159],[-8.816631,37.593377],[-8.816349,37.591638],[-8.813086,37.588994],[-8.813173,37.5884],[-8.813781,37.588253],[-8.812548,37.587431],[-8.812542,37.586621],[-8.812027,37.586557],[-8.810914,37.584846],[-8.811413,37.584174],[-8.813572,37.584327],[-8.81267,37.583306],[-8.813311,37.583091],[-8.812772,37.582026],[-8.811839,37.581997],[-8.812448,37.581828],[-8.81203,37.581225],[-8.812435,37.580861],[-8.811498,37.580042],[-8.810534,37.580666],[-8.810295,37.579813],[-8.808906,37.579786],[-8.809583,37.579015],[-8.809225,37.578727],[-8.808536,37.579258],[-8.808158,37.578844],[-8.807457,37.579045],[-8.806993,37.577878],[-8.804465,37.576711],[-8.803071,37.575487],[-8.803968,37.574341],[-8.804886,37.574473],[-8.804928,37.573538],[-8.803885,37.572662],[-8.802917,37.572661],[-8.803912,37.572401],[-8.802445,37.571249],[-8.802744,37.57104],[-8.802039,37.571068],[-8.802471,37.5707],[-8.802151,37.569814],[-8.801163,37.569805],[-8.801896,37.569031],[-8.800126,37.566199],[-8.79906,37.566874],[-8.797029,37.566289],[-8.798116,37.565116],[-8.797354,37.564303],[-8.797648,37.563175],[-8.797006,37.563118],[-8.796709,37.562005],[-8.796295,37.562452],[-8.795241,37.561346],[-8.796172,37.56109],[-8.795864,37.560159],[-8.793869,37.559859],[-8.792999,37.559169],[-8.792974,37.558324],[-8.79453,37.558112],[-8.79431,37.556175],[-8.794935,37.556809],[-8.794652,37.555797],[-8.795871,37.556334],[-8.796138,37.555651],[-8.795233,37.553788],[-8.793451,37.552463],[-8.794329,37.552463],[-8.793552,37.551452],[-8.791783,37.551925],[-8.791641,37.550814],[-8.793245,37.550851],[-8.79253,37.549734],[-8.793298,37.549524],[-8.792654,37.549266],[-8.792981,37.547726],[-8.791691,37.547466],[-8.791692,37.546953],[-8.791047,37.546951],[-8.790726,37.546308],[-8.789759,37.546179],[-8.789442,37.544123],[-8.79041,37.543868],[-8.788639,37.542837],[-8.788325,37.539754],[-8.787682,37.539239],[-8.788331,37.537956],[-8.787848,37.537184],[-8.788493,37.537185],[-8.788173,37.536414],[-8.785916,37.536153],[-8.785761,37.534098],[-8.78657,37.533072],[-8.785765,37.532813],[-8.785606,37.531529],[-8.786252,37.53153],[-8.786096,37.529731],[-8.786904,37.528962],[-8.788517,37.528708],[-8.788842,37.527938],[-8.790455,37.527941],[-8.790134,37.527298],[-8.788199,37.527166],[-8.788847,37.526397],[-8.787879,37.526266],[-8.787558,37.525624],[-8.788527,37.525368],[-8.788528,37.524855],[-8.787656,37.524633],[-8.788913,37.522289],[-8.789589,37.518937],[-8.791451,37.517667],[-8.791131,37.516767],[-8.789842,37.516637],[-8.790329,37.515353],[-8.789849,37.514068],[-8.790817,37.513813],[-8.791465,37.512786],[-8.792432,37.512788],[-8.792274,37.51176],[-8.793407,37.510221],[-8.795019,37.510223],[-8.793732,37.509322],[-8.792442,37.509192],[-8.793089,37.508422],[-8.792121,37.508677],[-8.791802,37.50752],[-8.790834,37.507647],[-8.790517,37.505848],[-8.791162,37.50585],[-8.791325,37.505336],[-8.791169,37.503281],[-8.792302,37.503244],[-8.792138,37.502512],[-8.793105,37.50277],[-8.79288,37.502193],[-8.794169,37.501012],[-8.79366,37.500483],[-8.795,37.500438],[-8.795829,37.501042],[-8.795694,37.499435],[-8.796338,37.499436],[-8.79506,37.495324],[-8.794415,37.495323],[-8.794578,37.494809],[-8.793772,37.494551],[-8.793774,37.494037],[-8.793129,37.494036],[-8.793459,37.491211],[-8.795073,37.490571],[-8.798296,37.490963],[-8.797977,37.489677],[-8.796365,37.489675],[-8.796366,37.489161],[-8.795399,37.489159],[-8.795566,37.487361],[-8.79476,37.487103],[-8.794604,37.485305],[-8.795731,37.484207],[-8.795062,37.48313],[-8.795491,37.481672],[-8.795167,37.481127],[-8.798307,37.478637],[-8.797205,37.477345],[-8.79769,37.476319],[-8.798657,37.47632],[-8.797856,37.475034],[-8.798023,37.472723],[-8.799956,37.472983],[-8.799317,37.47067],[-8.798672,37.470926],[-8.798837,37.469642],[-8.797873,37.468612],[-8.798359,37.467329],[-8.799649,37.467074],[-8.798361,37.466815],[-8.798363,37.466044],[-8.797396,37.466043],[-8.796595,37.4645],[-8.796845,37.463004],[-8.797743,37.462522],[-8.799338,37.462963],[-8.798535,37.462191],[-8.799022,37.460394],[-8.798378,37.460521],[-8.797897,37.459621],[-8.798705,37.458595],[-8.798061,37.458594],[-8.79758,37.457822],[-8.797423,37.456024],[-8.799358,37.455513],[-8.79936,37.454486],[-8.800328,37.454231],[-8.799689,37.452174],[-8.799044,37.452173],[-8.799047,37.451146],[-8.799692,37.451147],[-8.798891,37.449347],[-8.799383,37.446266],[-8.800349,37.446267],[-8.79971,37.444211],[-8.796777,37.444158],[-8.797062,37.443773],[-8.798415,37.444206],[-8.799885,37.443802],[-8.799979,37.441872],[-8.801979,37.439077],[-8.80198,37.438563],[-8.801336,37.438562],[-8.801338,37.437791],[-8.802951,37.436895],[-8.80424,37.437025],[-8.803782,37.435588],[-8.804566,37.435485],[-8.805503,37.434209],[-8.805297,37.432775],[-8.806185,37.432148],[-8.806294,37.43025],[-8.807668,37.428741],[-8.807007,37.425984],[-8.807707,37.425722],[-8.807809,37.425202],[-8.806691,37.423414],[-8.807664,37.420847],[-8.806703,37.419047],[-8.807446,37.417485],[-8.808304,37.417873],[-8.80891,37.417615],[-8.808319,37.416738],[-8.809125,37.416225],[-8.807679,37.415195],[-8.807518,37.414681],[-8.808162,37.414682],[-8.807844,37.413397],[-8.808488,37.413398],[-8.808813,37.412114],[-8.809457,37.412115],[-8.810267,37.410575],[-8.810431,37.409291],[-8.811075,37.409292],[-8.811566,37.406467],[-8.812049,37.405954],[-8.813659,37.406214],[-8.815439,37.40262],[-8.815339,37.401607],[-8.817686,37.397274],[-8.818063,37.395184],[-8.81884,37.394405],[-8.819326,37.393121],[-8.819168,37.391836],[-8.820779,37.391325],[-8.821426,37.389784],[-8.822305,37.389502],[-8.82195,37.387983],[-8.822869,37.386859],[-8.823468,37.386799],[-8.826563,37.382343],[-8.826114,37.381571],[-8.826278,37.380286],[-8.827244,37.380031],[-8.827245,37.379517],[-8.828534,37.379262],[-8.829022,37.376951],[-8.830149,37.376439],[-8.830151,37.375925],[-8.832083,37.375671],[-8.832407,37.374644],[-8.833695,37.374389],[-8.833697,37.373618],[-8.832893,37.37336],[-8.832413,37.371818],[-8.834344,37.37182],[-8.833541,37.371306],[-8.833867,37.369508],[-8.834994,37.368996],[-8.834997,37.367711],[-8.836285,37.367713],[-8.835641,37.367455],[-8.835965,37.366685],[-8.836609,37.366686],[-8.836613,37.364631],[-8.837901,37.364376],[-8.837743,37.363348],[-8.838711,37.362322],[-8.838873,37.361294],[-8.839839,37.361039],[-8.841777,37.357701],[-8.842421,37.357702],[-8.842424,37.356418],[-8.843067,37.356547],[-8.843713,37.355649],[-8.844678,37.35565],[-8.844358,37.354622],[-8.845002,37.354623],[-8.845767,37.352407],[-8.847971,37.350219],[-8.846485,37.349285],[-8.845462,37.347945],[-8.846686,37.348941],[-8.847976,37.349021],[-8.849592,37.350156],[-8.850347,37.348194],[-8.849826,37.347709],[-8.851059,37.34731],[-8.851255,37.346812],[-8.850803,37.346242],[-8.851651,37.344175],[-8.856169,37.340838],[-8.854361,37.340634],[-8.856294,37.33948],[-8.856841,37.337983],[-8.857584,37.337941],[-8.857586,37.336913],[-8.858552,37.336657],[-8.86081,37.333063],[-8.861921,37.333043],[-8.864422,37.328851],[-8.866771,37.329034],[-8.867442,37.327435],[-8.866292,37.32639],[-8.867099,37.325107],[-8.870936,37.321451],[-8.872735,37.320617],[-8.87563,37.32062],[-8.877095,37.321242],[-8.878049,37.320246],[-8.876803,37.319422],[-8.876922,37.317667],[-8.876278,37.317667],[-8.87628,37.316896],[-8.874993,37.316638],[-8.875239,37.31587],[-8.876282,37.315355],[-8.876283,37.314584],[-8.875237,37.3152],[-8.873701,37.314797],[-8.873553,37.312783],[-8.872427,37.312525],[-8.872428,37.311754],[-8.871312,37.311218],[-8.872756,37.308415],[-8.874042,37.308673],[-8.874745,37.307096],[-8.875465,37.307121],[-8.875205,37.306487],[-8.875521,37.306295],[-8.874748,37.305667],[-8.875377,37.305492],[-8.874047,37.305102],[-8.8743,37.304684],[-8.873659,37.304506],[-8.875162,37.304363],[-8.87416,37.303657],[-8.873506,37.302362],[-8.874441,37.302811],[-8.873608,37.302215],[-8.874073,37.301662],[-8.875898,37.302164],[-8.876159,37.302684],[-8.876209,37.301244],[-8.875375,37.300536],[-8.874716,37.301063],[-8.873841,37.300603],[-8.873325,37.299581],[-8.874459,37.29865],[-8.874024,37.297463],[-8.8756,37.29702],[-8.875372,37.29675],[-8.876017,37.296234],[-8.876369,37.296528],[-8.876516,37.296069],[-8.875513,37.295541],[-8.875208,37.294471],[-8.875189,37.295168],[-8.874619,37.295361],[-8.870809,37.295663],[-8.869269,37.294986],[-8.870069,37.295663],[-8.86968,37.295737],[-8.868795,37.294946],[-8.868276,37.295308],[-8.866984,37.295131],[-8.866188,37.294535],[-8.864279,37.29038],[-8.864738,37.288668],[-8.865205,37.288535],[-8.864761,37.287417],[-8.866717,37.284642],[-8.866592,37.284227],[-8.867453,37.284078],[-8.867333,37.283233],[-8.865707,37.282681],[-8.865527,37.28199],[-8.865916,37.280442],[-8.865097,37.278838],[-8.865205,37.27833],[-8.866366,37.277746],[-8.86287,37.276083],[-8.860877,37.27319],[-8.860274,37.270031],[-8.86289,37.261797],[-8.870053,37.245998],[-8.874011,37.239807],[-8.874603,37.238106],[-8.875748,37.236517],[-8.877848,37.234887],[-8.877836,37.233629],[-8.878582,37.233804],[-8.879141,37.23325],[-8.878856,37.231806],[-8.879876,37.231898],[-8.88051,37.23038],[-8.880017,37.229508],[-8.880529,37.229731],[-8.880409,37.228716],[-8.881932,37.227454],[-8.882867,37.225471],[-8.883599,37.225046],[-8.883875,37.223544],[-8.884532,37.223415],[-8.885295,37.221885],[-8.885116,37.22063],[-8.890738,37.214301],[-8.890814,37.213488],[-8.893052,37.209946],[-8.89747,37.204355],[-8.903586,37.198513],[-8.904913,37.198405],[-8.905316,37.199141],[-8.906254,37.198863],[-8.905846,37.198281],[-8.906251,37.198226],[-8.908588,37.198109],[-8.911478,37.198754],[-8.911478,37.19824],[-8.912763,37.198241],[-8.912764,37.197727],[-8.913727,37.197985],[-8.914692,37.196444],[-8.915012,37.196958],[-8.917265,37.196881],[-8.918177,37.196227],[-8.917609,37.196151],[-8.917533,37.195304],[-8.916621,37.194518],[-8.914856,37.193618],[-8.915374,37.192981],[-8.914861,37.192483],[-8.913091,37.192589],[-8.913413,37.191562],[-8.91277,37.191818],[-8.912771,37.191305],[-8.910844,37.191046],[-8.911488,37.189762],[-8.909081,37.189503],[-8.909082,37.188733],[-8.910848,37.187963],[-8.909564,37.187705],[-8.909887,37.186421],[-8.91085,37.186422],[-8.911172,37.185651],[-8.912135,37.185652],[-8.912459,37.18334],[-8.913101,37.183341],[-8.913102,37.182827],[-8.911496,37.182954],[-8.910856,37.181284],[-8.909893,37.181411],[-8.909894,37.180512],[-8.908609,37.180512],[-8.908932,37.179227],[-8.909574,37.179484],[-8.909738,37.176915],[-8.910381,37.176402],[-8.910543,37.174861],[-8.908616,37.174988],[-8.907998,37.173309],[-8.908601,37.172838],[-8.907777,37.172804],[-8.907248,37.171913],[-8.906462,37.172101],[-8.905407,37.171128],[-8.903926,37.170615],[-8.904024,37.167162],[-8.906941,37.162466],[-8.907056,37.161035],[-8.909746,37.159196],[-8.908797,37.158418],[-8.909015,37.157925],[-8.90992,37.157905],[-8.910243,37.156364],[-8.909602,37.156363],[-8.909609,37.15558],[-8.909103,37.155544],[-8.909309,37.154653],[-8.91095,37.153178],[-8.912173,37.153025],[-8.912335,37.151998],[-8.913459,37.151485],[-8.912178,37.149172],[-8.912819,37.149172],[-8.913141,37.148145],[-8.914425,37.147889],[-8.914426,37.147118],[-8.915068,37.147119],[-8.915069,37.146605],[-8.916353,37.146606],[-8.915712,37.145321],[-8.91828,37.145066],[-8.917803,37.141469],[-8.918767,37.139671],[-8.918916,37.136387],[-8.920857,37.135562],[-8.920858,37.134277],[-8.921179,37.134791],[-8.922784,37.134279],[-8.922304,37.132994],[-8.92391,37.131453],[-8.923592,37.128627],[-8.924034,37.127078],[-8.925038,37.125545],[-8.926643,37.125033],[-8.92809,37.121951],[-8.928892,37.12118],[-8.929534,37.121181],[-8.929375,37.12041],[-8.935157,37.111678],[-8.943279,37.103334],[-8.944314,37.10284],[-8.946107,37.102978],[-8.946508,37.102437],[-8.945481,37.101888],[-8.947675,37.098843],[-8.949159,37.098062],[-8.951613,37.0987],[-8.95207,37.097876],[-8.953653,37.097487],[-8.952489,37.096272],[-8.952169,37.094731],[-8.953292,37.094217],[-8.953292,37.093703],[-8.956819,37.093705],[-8.957279,37.094666],[-8.95841,37.094303],[-8.958155,37.093632],[-8.958631,37.093534],[-8.957267,37.092489],[-8.957809,37.091649],[-8.957239,37.091328],[-8.95799,37.089726],[-8.95993,37.089541],[-8.958426,37.087539],[-8.959068,37.08754],[-8.95955,37.086769],[-8.959389,37.085742],[-8.960031,37.085742],[-8.960513,37.084714],[-8.960514,37.082402],[-8.960995,37.081375],[-8.962278,37.081118],[-8.960195,37.079062],[-8.960197,37.075979],[-8.960517,37.075722],[-8.960222,37.074443],[-8.962018,37.07264],[-8.962319,37.069897],[-8.968843,37.068381],[-8.969339,37.064292],[-8.972327,37.061445],[-8.97336,37.061212],[-8.973829,37.059284],[-8.975603,37.058711],[-8.975749,37.058042],[-8.976684,37.057893],[-8.978623,37.056277],[-8.978551,37.05533],[-8.979813,37.054934],[-8.979422,37.052645],[-8.981106,37.052348],[-8.979926,37.051609],[-8.980295,37.050555],[-8.981454,37.049639],[-8.982006,37.049803],[-8.982287,37.049096],[-8.984509,37.049803],[-8.984833,37.048724],[-8.981205,37.047596],[-8.979907,37.046648],[-8.979456,37.043526],[-8.98398,37.037071],[-8.986014,37.03565],[-8.986231,37.034802],[-8.98807,37.034631],[-8.993457,37.029949],[-8.993377,37.026639],[-8.994196,37.026011],[-8.994949,37.024147],[-8.996085,37.024572],[-8.996185,37.023575],[-8.997,37.023471],[-8.997038,37.022492],[-8.994673,37.02287],[-8.993605,37.021482],[-8.991959,37.020441],[-8.989317,37.024452],[-8.988304,37.023843],[-8.986338,37.018437],[-8.985217,37.018951],[-8.983935,37.02152],[-8.983935,37.022291],[-8.985351,37.024217],[-8.984803,37.024653],[-8.984137,37.027105],[-8.983178,37.026852],[-8.982982,37.025938],[-8.982436,37.026538],[-8.981536,37.02637],[-8.981829,37.027289],[-8.981458,37.02745],[-8.980129,37.026215],[-8.975728,37.026848],[-8.976022,37.025294],[-8.97483,37.025713],[-8.975093,37.025292],[-8.974414,37.024905],[-8.974014,37.025379],[-8.972163,37.024554],[-8.970366,37.024765],[-8.967671,37.026497],[-8.964721,37.025606],[-8.963412,37.024754],[-8.963863,37.022337],[-8.962524,37.022657],[-8.961666,37.022157],[-8.960807,37.022365],[-8.960414,37.022277],[-8.960223,37.02126],[-8.959204,37.021325],[-8.95954,37.020711],[-8.959303,37.019405],[-8.960308,37.018564],[-8.959486,37.018188],[-8.958464,37.018945],[-8.958654,37.018082],[-8.957895,37.017605],[-8.957244,37.016052],[-8.956579,37.016157],[-8.956326,37.015226],[-8.956889,37.014789],[-8.956248,37.014506],[-8.956041,37.015008],[-8.95476,37.014],[-8.953324,37.014267],[-8.953063,37.013704],[-8.953561,37.012153],[-8.952339,37.009957],[-8.952468,37.009376],[-8.951576,37.009631],[-8.950976,37.00908],[-8.949118,37.008798],[-8.94898,37.007465],[-8.948468,37.007398],[-8.947911,37.003161],[-8.948703,37.002744],[-8.949174,37.001106],[-8.951305,36.999194],[-8.951747,36.998079],[-8.950374,36.997464],[-8.950529,36.994403],[-8.948797,36.99355],[-8.947177,36.993776],[-8.946457,36.994395],[-8.946982,36.995177],[-8.947423,36.999208],[-8.945398,37.002309],[-8.939901,37.005064],[-8.935407,37.005446],[-8.933967,37.004804],[-8.933327,37.003519],[-8.932125,37.003124],[-8.932265,37.002414],[-8.931343,37.001418],[-8.930853,37.001675],[-8.930574,37.003],[-8.929082,37.004104],[-8.92785,37.005986],[-8.926697,37.006374],[-8.924896,37.008599],[-8.925559,37.008938],[-8.925445,37.009276],[-8.915216,37.014811],[-8.908799,37.022257],[-8.908159,37.022256],[-8.907196,37.02354],[-8.907196,37.023026],[-8.906075,37.023539],[-8.904469,37.026364],[-8.903826,37.028676],[-8.902702,37.02983],[-8.90126,37.030472],[-8.900135,37.032783],[-8.898212,37.032782],[-8.898051,37.033552],[-8.895964,37.035991],[-8.895324,37.035862],[-8.894835,37.04177],[-8.894354,37.042155],[-8.893071,37.042283],[-8.892752,37.041255],[-8.891791,37.041254],[-8.891792,37.04074],[-8.891471,37.041254],[-8.89083,37.040996],[-8.890829,37.041767],[-8.889867,37.042023],[-8.889868,37.041509],[-8.886984,37.041249],[-8.886662,37.041891],[-8.885701,37.042019],[-8.885378,37.043431],[-8.881533,37.042914],[-8.881211,37.04407],[-8.879608,37.044196],[-8.879623,37.045652],[-8.878292,37.045898],[-8.877962,37.045316],[-8.876722,37.045093],[-8.876922,37.044624],[-8.875542,37.044451],[-8.87594,37.043852],[-8.875659,37.043518],[-8.873839,37.044319],[-8.873195,37.046117],[-8.867108,37.044569],[-8.867109,37.044055],[-8.866147,37.044054],[-8.865669,37.043026],[-8.865831,37.041998],[-8.863587,37.041996],[-8.863426,37.042766],[-8.859415,37.045074],[-8.85861,37.047642],[-8.857165,37.048539],[-8.856524,37.04841],[-8.85572,37.050464],[-8.855714,37.05329],[-8.855185,37.054195],[-8.853627,37.055214],[-8.847211,37.057518],[-8.845928,37.058159],[-8.845606,37.058801],[-8.836625,37.061358],[-8.833418,37.06161],[-8.824114,37.065193],[-8.818342,37.065699],[-8.81097,37.065173],[-8.808587,37.066056],[-8.796542,37.065663],[-8.79249,37.064475],[-8.792702,37.063216],[-8.791421,37.062571],[-8.789818,37.062569],[-8.786611,37.063333],[-8.784516,37.067312],[-8.783069,37.068722],[-8.77922,37.069229],[-8.777939,37.06897],[-8.777132,37.070895],[-8.774083,37.071788],[-8.77184,37.07127],[-8.767349,37.072032],[-8.764144,37.071769],[-8.7635,37.072667],[-8.761255,37.07292],[-8.761257,37.072406],[-8.759331,37.072916],[-8.759333,37.072402],[-8.758371,37.0724],[-8.758046,37.073684],[-8.754521,37.073163],[-8.754038,37.07419],[-8.752913,37.074829],[-8.7481,37.075975],[-8.747776,37.076873],[-8.745854,37.076356],[-8.743604,37.077892],[-8.742644,37.077505],[-8.74248,37.078532],[-8.741675,37.079429],[-8.740713,37.079556],[-8.739425,37.080966],[-8.738302,37.081349],[-8.738139,37.08212],[-8.735893,37.082372],[-8.735732,37.082885],[-8.734286,37.083524],[-8.732682,37.083777],[-8.732359,37.084419],[-8.730434,37.084799],[-8.730115,37.084157],[-8.729474,37.084156],[-8.729471,37.084926],[-8.727515,37.086181],[-8.720344,37.085879],[-8.717548,37.08544],[-8.716983,37.085176],[-8.716811,37.084271],[-8.715073,37.08502],[-8.710876,37.083983],[-8.706175,37.084628],[-8.699989,37.084331],[-8.692869,37.085165],[-8.685004,37.084958],[-8.681038,37.083799],[-8.676377,37.083174],[-8.676122,37.082203],[-8.674349,37.081412],[-8.673679,37.082083],[-8.673308,37.081776],[-8.672587,37.08211],[-8.672127,37.081643],[-8.672271,37.081074],[-8.671355,37.081143],[-8.671452,37.080058],[-8.670846,37.080297],[-8.669927,37.079828],[-8.670172,37.079452],[-8.668821,37.078885],[-8.668105,37.079348],[-8.667603,37.078861],[-8.667537,37.079743],[-8.667836,37.079379],[-8.668415,37.079767],[-8.667659,37.080218],[-8.668444,37.080856],[-8.667918,37.081215],[-8.668418,37.081944],[-8.666803,37.083808],[-8.667222,37.08401],[-8.666966,37.084415],[-8.666222,37.084202],[-8.66718,37.084915],[-8.666605,37.085083],[-8.666995,37.085527],[-8.666398,37.085592],[-8.667036,37.085788],[-8.666643,37.086091],[-8.666894,37.086429],[-8.667883,37.086726],[-8.667727,37.087238],[-8.668517,37.08755],[-8.66832,37.089158],[-8.669388,37.089913],[-8.669452,37.090739],[-8.667965,37.092693],[-8.668169,37.093525],[-8.667036,37.095687],[-8.667792,37.097033],[-8.667457,37.097302],[-8.667919,37.097164],[-8.667415,37.098481],[-8.665399,37.099301],[-8.666528,37.100454],[-8.667406,37.100265],[-8.668248,37.100766],[-8.668222,37.101337],[-8.667239,37.103218],[-8.664442,37.10634],[-8.659546,37.109787],[-8.647879,37.115926],[-8.639845,37.118727],[-8.62956,37.12029],[-8.621991,37.120869],[-8.62031,37.120607],[-8.619733,37.118404],[-8.619829,37.120249],[-8.618817,37.118825],[-8.618422,37.120407],[-8.617854,37.118603],[-8.618049,37.120322],[-8.614692,37.121662],[-8.604537,37.122468],[-8.594272,37.122177],[-8.579673,37.118786],[-8.579318,37.117844],[-8.57901,37.118115],[-8.576911,37.11744],[-8.576534,37.116683],[-8.575759,37.11719],[-8.575513,37.116645],[-8.575288,37.117126],[-8.574997,37.115976],[-8.569706,37.116503],[-8.56969,37.115945],[-8.569151,37.11615],[-8.56892,37.115643],[-8.567847,37.115929],[-8.56759,37.115425],[-8.567957,37.114879],[-8.566714,37.1142],[-8.567256,37.114819],[-8.56629,37.116336],[-8.566852,37.117149],[-8.565543,37.118753],[-8.562231,37.119526],[-8.558962,37.119507],[-8.553957,37.118453],[-8.552153,37.118514],[-8.543478,37.116297],[-8.543086,37.116033],[-8.54319,37.115317],[-8.542333,37.116736],[-8.539188,37.116494],[-8.532484,37.11444],[-8.529599,37.112789],[-8.529685,37.108539],[-8.526601,37.108218],[-8.520259,37.109758],[-8.518948,37.107713],[-8.518967,37.107308],[-8.520557,37.106719],[-8.519349,37.105148],[-8.516532,37.106041],[-8.511772,37.1036],[-8.510333,37.103841],[-8.508248,37.103045],[-8.506171,37.102057],[-8.506226,37.101245],[-8.504226,37.10055],[-8.501091,37.100422],[-8.499099,37.101128],[-8.498301,37.100273],[-8.497797,37.10099],[-8.497195,37.100138],[-8.496492,37.101032],[-8.49478,37.101335],[-8.493544,37.10112],[-8.49366,37.10001],[-8.492566,37.10044],[-8.492648,37.0999],[-8.490606,37.100018],[-8.490867,37.099704],[-8.489776,37.09945],[-8.488232,37.099989],[-8.487556,37.099026],[-8.485766,37.100019],[-8.485339,37.099785],[-8.485472,37.099019],[-8.484425,37.099],[-8.484383,37.098535],[-8.481717,37.09866],[-8.48139,37.098249],[-8.482093,37.097586],[-8.480527,37.098513],[-8.479737,37.098008],[-8.479066,37.098496],[-8.477375,37.097881],[-8.477541,37.096911],[-8.477181,37.096701],[-8.476111,37.097159],[-8.475476,37.096928],[-8.475735,37.096012],[-8.473645,37.095539],[-8.472836,37.096217],[-8.472122,37.096099],[-8.470996,37.094372],[-8.470013,37.09439],[-8.468067,37.093192],[-8.466198,37.093192],[-8.465874,37.092456],[-8.463321,37.092966],[-8.462021,37.092308],[-8.460288,37.09337],[-8.459651,37.09289],[-8.46005,37.091762],[-8.454512,37.090929],[-8.454322,37.090265],[-8.453345,37.089831],[-8.451415,37.089613],[-8.451877,37.088666],[-8.450476,37.087774],[-8.449336,37.088012],[-8.44921,37.087489],[-8.446848,37.086906],[-8.443629,37.086741],[-8.442542,37.085897],[-8.441132,37.086657],[-8.440586,37.087674],[-8.439489,37.085804],[-8.439248,37.086407],[-8.438503,37.086548],[-8.436663,37.08532],[-8.436262,37.085608],[-8.436884,37.086119],[-8.436469,37.086303],[-8.434853,37.085551],[-8.433939,37.086262],[-8.433275,37.085539],[-8.432023,37.085781],[-8.431995,37.086356],[-8.431261,37.086632],[-8.430573,37.085789],[-8.430028,37.086176],[-8.429578,37.085675],[-8.428903,37.085995],[-8.428181,37.085693],[-8.427107,37.086014],[-8.426735,37.086748],[-8.426521,37.086363],[-8.426451,37.0871],[-8.42507,37.087249],[-8.423891,37.0866],[-8.422141,37.0875],[-8.421028,37.087057],[-8.421266,37.0866],[-8.4204,37.086225],[-8.418832,37.08628],[-8.418256,37.087321],[-8.417643,37.086549],[-8.416721,37.087392],[-8.416159,37.087098],[-8.41619,37.087616],[-8.415296,37.088035],[-8.415856,37.088135],[-8.415716,37.088699],[-8.414244,37.088974],[-8.414464,37.089383],[-8.414004,37.089547],[-8.409354,37.089524],[-8.408956,37.089041],[-8.407981,37.089211],[-8.407879,37.089732],[-8.406197,37.08991],[-8.40516,37.089268],[-8.403479,37.089775],[-8.402964,37.089369],[-8.402696,37.090039],[-8.402181,37.08986],[-8.402106,37.090634],[-8.401857,37.090289],[-8.401373,37.090815],[-8.400735,37.090717],[-8.400601,37.090231],[-8.401011,37.090193],[-8.400434,37.089846],[-8.400324,37.090668],[-8.399531,37.09104],[-8.399024,37.09036],[-8.39763,37.090217],[-8.397299,37.090683],[-8.396522,37.090377],[-8.395622,37.091183],[-8.395746,37.09175],[-8.394812,37.091303],[-8.394131,37.092927],[-8.393638,37.09301],[-8.393113,37.092215],[-8.393198,37.09291],[-8.391787,37.093288],[-8.390904,37.092531],[-8.390505,37.094016],[-8.39095,37.09488],[-8.389884,37.095576],[-8.386656,37.096246],[-8.386526,37.095302],[-8.386446,37.096594],[-8.386045,37.096779],[-8.384831,37.096966],[-8.38436,37.096386],[-8.384457,37.096761],[-8.383369,37.096978],[-8.382682,37.098092],[-8.381816,37.097904],[-8.38189,37.098299],[-8.380998,37.098523],[-8.379229,37.098572],[-8.37891,37.097974],[-8.378091,37.098042],[-8.37749,37.099629],[-8.376192,37.099883],[-8.376138,37.099434],[-8.37613,37.099973],[-8.375514,37.100272],[-8.372795,37.100621],[-8.37168,37.101367],[-8.366153,37.101496],[-8.359946,37.100455],[-8.349964,37.097722],[-8.334354,37.090941],[-8.323632,37.084999],[-8.314896,37.07912],[-8.314099,37.078707],[-8.314074,37.079103],[-8.313667,37.078972],[-8.312866,37.078068],[-8.309489,37.076332],[-8.308677,37.075046],[-8.307183,37.075571],[-8.305776,37.07532],[-8.302942,37.073883],[-8.303129,37.073564],[-8.302546,37.073414],[-8.302804,37.073055],[-8.302058,37.072554],[-8.299205,37.073303],[-8.29815,37.072087],[-8.296991,37.07335],[-8.294506,37.0736],[-8.293422,37.073487],[-8.293148,37.072814],[-8.289227,37.073076],[-8.289123,37.072324],[-8.288476,37.072531],[-8.28859,37.073168],[-8.287567,37.07332],[-8.287069,37.073035],[-8.287515,37.072568],[-8.286386,37.072751],[-8.286326,37.071856],[-8.285941,37.073159],[-8.285419,37.073448],[-8.284792,37.072801],[-8.284657,37.073602],[-8.283953,37.07359],[-8.283431,37.073386],[-8.283475,37.072711],[-8.283185,37.073616],[-8.281447,37.074522],[-8.279274,37.074343],[-8.278811,37.073915],[-8.278008,37.074254],[-8.278271,37.074917],[-8.277876,37.07551],[-8.274554,37.077649],[-8.271321,37.077738],[-8.272415,37.077229],[-8.270033,37.077849],[-8.269803,37.078527],[-8.268254,37.079033],[-8.26504,37.07897],[-8.264441,37.079565],[-8.261583,37.079853],[-8.261348,37.080328],[-8.258464,37.080146],[-8.258087,37.083496],[-8.256065,37.084134],[-8.255994,37.084673],[-8.255093,37.08468],[-8.255452,37.085487],[-8.254217,37.086108],[-8.246871,37.086109],[-8.234147,37.082795],[-8.234468,37.082325],[-8.233034,37.08301],[-8.232292,37.08242],[-8.230916,37.08359],[-8.229771,37.083602],[-8.229872,37.084187],[-8.228905,37.08515],[-8.22729,37.085785],[-8.225493,37.085761],[-8.218759,37.084118],[-8.21829,37.084927],[-8.216609,37.085438],[-8.216482,37.086585],[-8.213061,37.087827],[-8.209341,37.087656],[-8.205253,37.089073],[-8.201579,37.088965],[-8.196634,37.087858],[-8.193175,37.088584],[-8.192217,37.089406],[-8.188158,37.089438],[-8.18518,37.090545],[-8.182437,37.090451],[-8.129657,37.074254],[-8.125388,37.072539],[-8.12427,37.069375],[-8.12284,37.07031],[-8.122001,37.07227],[-8.11812,37.07168],[-8.116362,37.070812],[-8.116525,37.070203],[-8.115971,37.07077],[-8.114609,37.070369],[-8.111708,37.068587],[-8.112173,37.067122],[-8.110484,37.064968],[-8.110182,37.065204],[-8.111836,37.067155],[-8.111289,37.0679],[-8.109959,37.067514],[-8.1115,37.068355],[-8.111198,37.06931],[-8.110458,37.069657],[-8.109084,37.069229],[-8.109331,37.068732],[-8.108473,37.068469],[-8.110082,37.066345],[-8.108951,37.066944],[-8.108516,37.067744],[-8.107093,37.067749],[-8.106671,37.067522],[-8.106834,37.06705],[-8.106071,37.067534],[-8.103576,37.066535],[-8.103772,37.065893],[-8.102848,37.066437],[-8.101156,37.0658],[-8.100672,37.065478],[-8.1007,37.064699],[-8.100344,37.065305],[-8.099571,37.065236],[-8.097541,37.064218],[-8.097639,37.063774],[-8.09723,37.064235],[-8.094805,37.063366],[-8.094764,37.062684],[-8.094219,37.063139],[-8.093539,37.062888],[-8.091656,37.061798],[-8.091859,37.061291],[-8.090951,37.061937],[-8.080022,37.056627],[-8.054694,37.041648],[-8.052777,37.041119],[-8.052413,37.04028],[-8.050961,37.039631],[-8.050807,37.039116],[-8.049211,37.03859],[-8.049252,37.03807],[-8.047301,37.037547],[-8.047308,37.037033],[-8.04571,37.036634],[-8.041263,37.033516],[-8.038394,37.032337],[-8.037765,37.031433],[-8.034899,37.029997],[-8.034746,37.029482],[-8.03108,37.02791],[-8.031087,37.027397],[-8.029488,37.027127],[-8.029495,37.026613],[-8.002373,37.011393],[-7.984816,37.000345],[-7.974318,36.993068],[-7.96856,36.988217],[-7.960824,36.983683],[-7.952483,36.98017],[-7.951263,36.979146],[-7.947401,36.978527],[-7.946358,36.977655],[-7.944631,36.977335],[-7.941392,36.975654],[-7.939154,36.973769],[-7.92965,36.969809],[-7.907624,36.96384],[-7.893735,36.960756],[-7.8921,36.960452],[-7.888079,36.961048],[-7.887104,36.959879],[-7.882092,36.962242],[-7.871637,36.964577],[-7.868766,36.962942],[-7.865953,36.968968],[-7.866725,36.971207],[-7.86599,36.972637],[-7.86231,36.975026],[-7.861645,36.97481],[-7.861887,36.975193],[-7.860819,36.976059],[-7.837827,36.986242],[-7.835845,36.986523],[-7.820224,36.992872],[-7.807885,36.998904],[-7.805583,37.001101],[-7.803313,37.004509],[-7.796298,37.011121],[-7.794958,37.011658],[-7.79405,37.013894],[-7.790958,37.016073],[-7.779657,37.021609],[-7.768001,37.029195],[-7.764935,37.030576],[-7.764117,37.031596],[-7.755394,37.035999],[-7.749207,37.039949],[-7.741205,37.0439],[-7.728525,37.051172],[-7.723054,37.053638],[-7.716515,37.057856],[-7.715884,37.059124],[-7.714327,37.060136],[-7.710311,37.06147],[-7.700183,37.06718],[-7.677073,37.077786],[-7.648382,37.092343],[-7.629384,37.104959],[-7.616486,37.11189],[-7.615904,37.111403],[-7.615468,37.111833],[-7.615709,37.113224],[-7.617293,37.115005],[-7.616949,37.116286],[-7.615385,37.118019],[-7.601357,37.126892],[-7.586286,37.135061],[-7.57399,37.140566],[-7.567535,37.142543],[-7.566235,37.143427],[-7.565596,37.14329],[-7.559444,37.14617],[-7.559435,37.146684],[-7.541352,37.152499],[-7.527757,37.158496],[-7.525175,37.159234],[-7.523832,37.160517],[-7.521743,37.161423],[-7.503818,37.167734],[-7.478132,37.173802],[-7.462501,37.176354],[-7.443343,37.176536],[-7.437493,37.176003],[-7.413995,37.17168],[-7.406014,37.16962],[-7.402884,37.168327],[-7.399864,37.163167],[-7.393305,37.166185],[-7.401251,37.174295],[-7.405803,37.180013],[-7.40728,37.182707],[-7.411142,37.203155],[-7.41364,37.21056],[-7.412571,37.221491],[-7.413926,37.226588],[-7.419561,37.238103],[-7.422216,37.24032],[-7.430968,37.245173],[-7.432209,37.246483],[-7.433532,37.249736],[-7.433566,37.254224],[-7.431948,37.259406],[-7.426116,37.266824],[-7.422961,37.270018],[-7.421691,37.273785],[-7.423619,37.277377],[-7.431345,37.285339],[-7.433257,37.288079],[-7.435294,37.293104],[-7.435835,37.29754],[-7.437923,37.302275],[-7.4411,37.307307],[-7.442178,37.3113],[-7.441844,37.31604],[-7.440714,37.320253],[-7.439354,37.323187],[-7.439029,37.326921],[-7.440028,37.331591],[-7.442745,37.336679],[-7.444807,37.341839],[-7.444974,37.34484],[-7.444115,37.348551],[-7.438683,37.353939],[-7.437797,37.355386],[-7.436336,37.361358],[-7.436613,37.368134],[-7.43914,37.380768],[-7.43969,37.384236],[-7.439565,37.387216],[-7.440476,37.391015],[-7.443898,37.396145],[-7.449022,37.400994],[-7.461029,37.406696],[-7.462707,37.408989],[-7.462687,37.411215],[-7.461336,37.413065],[-7.459412,37.414106],[-7.457673,37.414432],[-7.450627,37.414708],[-7.447942,37.415504],[-7.446139,37.417412],[-7.4455,37.419406],[-7.446945,37.421432],[-7.454028,37.425311],[-7.455506,37.426546],[-7.45749,37.429287],[-7.459222,37.435291],[-7.459231,37.43988],[-7.456368,37.44924],[-7.456662,37.452367],[-7.458327,37.454909],[-7.465221,37.460981],[-7.466908,37.46374],[-7.468801,37.468538],[-7.469592,37.471707],[-7.469309,37.47851],[-7.467974,37.480758],[-7.463925,37.483841],[-7.463315,37.48542],[-7.463795,37.487223],[-7.464747,37.489028],[-7.466666,37.491017],[-7.470767,37.493295],[-7.473464,37.49426],[-7.479661,37.495422],[-7.482702,37.496922],[-7.48413,37.498275],[-7.489593,37.506166],[-7.490879,37.508877],[-7.491131,37.511411],[-7.490269,37.518379],[-7.49075,37.520361],[-7.492165,37.522169],[-7.493694,37.523113],[-7.495292,37.523418],[-7.501859,37.522116],[-7.505146,37.522356],[-7.508985,37.52315],[-7.511721,37.524884],[-7.512643,37.527312],[-7.512182,37.536527],[-7.512545,37.538457],[-7.514241,37.54167],[-7.519706,37.546837],[-7.522665,37.553065],[-7.522257,37.557025],[-7.51938,37.559447],[-7.516109,37.559291],[-7.512656,37.560181],[-7.511591,37.560057],[-7.510185,37.55926],[-7.507852,37.556663],[-7.506869,37.556817],[-7.506656,37.557367],[-7.506474,37.558431],[-7.507572,37.56347],[-7.506938,37.565104],[-7.507519,37.566804],[-7.510191,37.56749],[-7.513378,37.565868],[-7.514907,37.566843],[-7.515459,37.569263],[-7.514047,37.571812],[-7.507665,37.576001],[-7.501276,37.578],[-7.502064,37.581557],[-7.50125,37.584019],[-7.50176,37.585324],[-7.501229,37.586525],[-7.498404,37.589135],[-7.497499,37.59063],[-7.497435,37.592557],[-7.496522,37.59469],[-7.500245,37.597295],[-7.502227,37.601992],[-7.503736,37.603846],[-7.503753,37.604793],[-7.501646,37.605947],[-7.497123,37.607066],[-7.493908,37.605993],[-7.490866,37.60347],[-7.490185,37.603309],[-7.488766,37.603992],[-7.48558,37.609589],[-7.48625,37.612316],[-7.483145,37.615693],[-7.480427,37.617286],[-7.479722,37.618427],[-7.481754,37.621536],[-7.482266,37.624046],[-7.480047,37.625306],[-7.477934,37.625758],[-7.471286,37.624192],[-7.470286,37.625035],[-7.471618,37.631485],[-7.470968,37.634917],[-7.469693,37.636545],[-7.466654,37.63718],[-7.463621,37.641929],[-7.463607,37.643527],[-7.466136,37.646106],[-7.467385,37.648674],[-7.467189,37.649371],[-7.46621,37.650009],[-7.463807,37.649719],[-7.459477,37.648012],[-7.458028,37.646254],[-7.455495,37.645918],[-7.454349,37.646346],[-7.453101,37.64848],[-7.45462,37.654773],[-7.451347,37.658514],[-7.451941,37.659094],[-7.454185,37.659689],[-7.455602,37.660998],[-7.455634,37.662229],[-7.45418,37.663252],[-7.44483,37.663933],[-7.443571,37.664606],[-7.443738,37.665288],[-7.446338,37.668014],[-7.447349,37.672098],[-7.448878,37.674732],[-7.45225,37.677381],[-7.452216,37.678051],[-7.451112,37.679119],[-7.447618,37.681635],[-7.446373,37.685238],[-7.444223,37.687107],[-7.443802,37.688565],[-7.445542,37.693523],[-7.447812,37.69754],[-7.444819,37.701347],[-7.44366,37.702009],[-7.442174,37.70138],[-7.441193,37.699645],[-7.440273,37.699653],[-7.439382,37.700351],[-7.439267,37.702479],[-7.440185,37.70633],[-7.437695,37.713792],[-7.436199,37.716085],[-7.43617,37.718318],[-7.434813,37.719605],[-7.43219,37.719907],[-7.431325,37.720542],[-7.429949,37.726612],[-7.426383,37.733951],[-7.42665,37.735117],[-7.428661,37.737113],[-7.428581,37.740972],[-7.426812,37.74183],[-7.420752,37.742972],[-7.418679,37.743841],[-7.418165,37.745857],[-7.418744,37.748762],[-7.422712,37.754974],[-7.421372,37.758942],[-7.420176,37.759631],[-7.415537,37.75912],[-7.413326,37.759762],[-7.410029,37.762756],[-7.409328,37.764802],[-7.409346,37.766549],[-7.407604,37.767165],[-7.402581,37.766687],[-7.399356,37.764232],[-7.398084,37.763755],[-7.396642,37.763949],[-7.395179,37.765148],[-7.392676,37.769277],[-7.390929,37.771245],[-7.387354,37.773226],[-7.38409,37.773977],[-7.382668,37.774834],[-7.381317,37.776494],[-7.380162,37.780127],[-7.37875,37.78232],[-7.376476,37.783814],[-7.371071,37.785725],[-7.368612,37.787372],[-7.366114,37.792741],[-7.364698,37.793292],[-7.360503,37.793678],[-7.358881,37.795387],[-7.357118,37.798798],[-7.35162,37.800635],[-7.348298,37.802953],[-7.347433,37.804921],[-7.346672,37.805533],[-7.341826,37.806547],[-7.336342,37.810776],[-7.333442,37.812443],[-7.330556,37.813681],[-7.326899,37.814272],[-7.324337,37.81582],[-7.321256,37.818686],[-7.320266,37.823481],[-7.31508,37.827386],[-7.313857,37.82883],[-7.311824,37.833333],[-7.310129,37.835827],[-7.307777,37.837635],[-7.302361,37.840047],[-7.301321,37.841548],[-7.300338,37.843504],[-7.300474,37.846854],[-7.298304,37.851567],[-7.297551,37.856647],[-7.293672,37.859491],[-7.28951,37.861213],[-7.285312,37.867403],[-7.283514,37.86886],[-7.282078,37.874361],[-7.279543,37.876431],[-7.281298,37.880931],[-7.281325,37.883866],[-7.282586,37.888199],[-7.282811,37.890172],[-7.282156,37.897649],[-7.280938,37.898558],[-7.277012,37.898124],[-7.273626,37.899067],[-7.273629,37.89992],[-7.274905,37.90191],[-7.274046,37.904463],[-7.269521,37.906264],[-7.268055,37.908842],[-7.267913,37.912557],[-7.264721,37.914553],[-7.261399,37.918146],[-7.261979,37.919337],[-7.261342,37.920872],[-7.262011,37.924164],[-7.260792,37.924456],[-7.259268,37.922465],[-7.258159,37.922064],[-7.255894,37.92211],[-7.255057,37.922727],[-7.254955,37.924897],[-7.257744,37.933072],[-7.257263,37.933961],[-7.254353,37.936126],[-7.253086,37.93846],[-7.25438,37.939185],[-7.253853,37.940427],[-7.252449,37.941539],[-7.253103,37.943308],[-7.252765,37.944471],[-7.254535,37.944933],[-7.254789,37.945716],[-7.25255,37.948297],[-7.251313,37.948496],[-7.250271,37.950392],[-7.250784,37.952582],[-7.248297,37.954493],[-7.249286,37.95704],[-7.251773,37.959683],[-7.251394,37.961487],[-7.251907,37.962603],[-7.250688,37.964032],[-7.250614,37.965482],[-7.24967,37.966358],[-7.249674,37.966894],[-7.256865,37.97304],[-7.259617,37.976212],[-7.261819,37.977465],[-7.262379,37.978345],[-7.262433,37.979856],[-7.261301,37.980264],[-7.259911,37.97948],[-7.259148,37.981809],[-7.255989,37.98143],[-7.255944,37.98243],[-7.255416,37.982975],[-7.254622,37.982793],[-7.25342,37.98541],[-7.251134,37.98599],[-7.250033,37.985637],[-7.247919,37.987422],[-7.247724,37.988334],[-7.248613,37.989095],[-7.245569,37.991799],[-7.24568,37.992186],[-7.244769,37.991359],[-7.243481,37.992108],[-7.240908,37.990842],[-7.240117,37.991467],[-7.239143,37.990823],[-7.237388,37.991409],[-7.235508,37.991207],[-7.234974,37.990663],[-7.234009,37.990974],[-7.232481,37.989735],[-7.231848,37.990997],[-7.230645,37.991508],[-7.229594,37.990512],[-7.22862,37.990571],[-7.227566,37.988335],[-7.226708,37.988118],[-7.223625,37.989835],[-7.222258,37.989998],[-7.220417,37.991485],[-7.220342,37.992268],[-7.2186,37.992625],[-7.218139,37.994583],[-7.215989,37.995953],[-7.214173,37.995673],[-7.211359,37.996917],[-7.20922,37.996101],[-7.207934,37.997167],[-7.205712,37.997647],[-7.205354,37.998109],[-7.205628,37.999424],[-7.206767,37.999164],[-7.206976,38.000282],[-7.20592,38.001257],[-7.203511,38.001922],[-7.202262,38.003424],[-7.19901,38.002672],[-7.198938,38.001858],[-7.194569,38.001041],[-7.19379,38.001299],[-7.193038,38.000718],[-7.190707,38.001491],[-7.190345,38.002283],[-7.189438,38.002431],[-7.18874,38.001348],[-7.187781,38.001709],[-7.187033,38.002733],[-7.186073,38.002094],[-7.185172,37.999141],[-7.183634,37.998314],[-7.183953,37.996563],[-7.181872,37.996927],[-7.180812,37.998065],[-7.179872,37.997318],[-7.178646,37.997806],[-7.178424,37.998469],[-7.177402,37.998385],[-7.176641,37.996613],[-7.174189,37.995176],[-7.17375,37.99427],[-7.174011,37.993169],[-7.173444,37.992829],[-7.170864,37.99355],[-7.169607,37.994403],[-7.168515,37.994124],[-7.164882,37.995856],[-7.164972,37.994702],[-7.16358,37.994842],[-7.162985,37.994096],[-7.162072,37.994957],[-7.159899,37.995258],[-7.158798,37.99389],[-7.157254,37.994464],[-7.156222,37.994011],[-7.155362,37.994396],[-7.155042,37.99535],[-7.153345,37.996106],[-7.152709,37.997329],[-7.15048,37.997799],[-7.149741,38.000878],[-7.148356,38.001179],[-7.147128,38.002122],[-7.146152,38.002101],[-7.145135,38.002934],[-7.144595,38.002189],[-7.143147,38.001895],[-7.14149,38.000508],[-7.139598,37.999905],[-7.13894,38.000169],[-7.13731,37.998996],[-7.134255,38.000528],[-7.132914,37.999966],[-7.13187,38.001247],[-7.130739,38.001487],[-7.130356,38.001135],[-7.128733,38.001699],[-7.128602,38.002379],[-7.125025,38.004355],[-7.123127,38.004099],[-7.120706,38.004633],[-7.121216,38.005628],[-7.122541,38.005813],[-7.123474,38.007898],[-7.127316,38.009285],[-7.129056,38.010761],[-7.128962,38.013152],[-7.128075,38.014111],[-7.128623,38.017016],[-7.127464,38.017532],[-7.12793,38.017897],[-7.12769,38.019675],[-7.130182,38.020119],[-7.131995,38.021554],[-7.131222,38.02263],[-7.127107,38.022118],[-7.12542,38.023339],[-7.125165,38.023863],[-7.125551,38.024509],[-7.124849,38.024943],[-7.12673,38.026013],[-7.127156,38.027053],[-7.12843,38.027176],[-7.127994,38.02872],[-7.128319,38.029505],[-7.127181,38.030608],[-7.125277,38.030374],[-7.123408,38.031844],[-7.12091,38.032985],[-7.120834,38.032324],[-7.119748,38.031948],[-7.119394,38.030696],[-7.117958,38.031638],[-7.117617,38.032545],[-7.116042,38.031826],[-7.113863,38.035763],[-7.11423,38.036079],[-7.11578,38.035801],[-7.115202,38.036487],[-7.112328,38.037683],[-7.111141,38.037398],[-7.111203,38.036297],[-7.1108,38.036193],[-7.10896,38.037841],[-7.109272,38.03847],[-7.108595,38.039194],[-7.108888,38.040028],[-7.108291,38.040934],[-7.105803,38.041128],[-7.104769,38.041668],[-7.103576,38.040919],[-7.102301,38.042286],[-7.098688,38.043822],[-7.095772,38.042948],[-7.094842,38.041388],[-7.093389,38.041817],[-7.092997,38.040072],[-7.090744,38.040357],[-7.090098,38.038049],[-7.086056,38.037401],[-7.084157,38.036082],[-7.082099,38.036024],[-7.083028,38.034512],[-7.082743,38.033706],[-7.081594,38.035001],[-7.080274,38.035128],[-7.079311,38.034014],[-7.078462,38.03416],[-7.077939,38.033524],[-7.07574,38.033868],[-7.075802,38.032438],[-7.073799,38.032153],[-7.07124,38.033937],[-7.070565,38.033826],[-7.07038,38.033241],[-7.06901,38.033061],[-7.067219,38.033575],[-7.067432,38.032234],[-7.068278,38.031013],[-7.067557,38.030317],[-7.066729,38.027374],[-7.066077,38.027258],[-7.065754,38.028326],[-7.064235,38.028427],[-7.063741,38.028298],[-7.064207,38.026997],[-7.063041,38.027355],[-7.062089,38.026715],[-7.062378,38.026421],[-7.06201,38.025925],[-7.064068,38.022831],[-7.063447,38.019626],[-7.059518,38.017319],[-7.058828,38.017422],[-7.057021,38.019041],[-7.054751,38.018967],[-7.053938,38.018224],[-7.051944,38.018825],[-7.049901,38.017369],[-7.047841,38.017669],[-7.048474,38.016363],[-7.048335,38.015439],[-7.046775,38.014249],[-7.044719,38.013994],[-7.042874,38.016525],[-7.041286,38.017333],[-7.039185,38.01716],[-7.038013,38.01757],[-7.037643,38.018372],[-7.035889,38.018785],[-7.034741,38.020357],[-7.032839,38.020984],[-7.031945,38.020819],[-7.031173,38.022316],[-7.027729,38.023187],[-7.025007,38.024665],[-7.022375,38.024246],[-7.019382,38.021954],[-7.018457,38.02165],[-7.017094,38.021997],[-7.01621,38.021301],[-7.014711,38.021124],[-7.011822,38.021393],[-7.007186,38.020752],[-7.006148,38.022321],[-7.004836,38.02249],[-7.004416,38.023067],[-7.002008,38.022391],[-7.002376,38.02641],[-7.002025,38.027481],[-7.002343,38.029157],[-7.002985,38.029952],[-6.999932,38.034555],[-6.998973,38.034785],[-6.998966,38.035986],[-6.999249,38.037458],[-7.00074,38.038968],[-7.001373,38.041365],[-7.002599,38.042519],[-7.00207,38.044688],[-7.000269,38.047458],[-7.000395,38.04853],[-6.999748,38.049499],[-6.996446,38.051586],[-6.994017,38.052214],[-6.991688,38.053629],[-6.990538,38.054374],[-6.989828,38.055572],[-6.990328,38.057095],[-6.989188,38.059197],[-6.99,38.059422],[-6.989625,38.061445],[-6.990671,38.06425],[-6.990154,38.065256],[-6.990677,38.066798],[-6.989966,38.070306],[-6.989063,38.07104],[-6.987402,38.074849],[-6.988398,38.078212],[-6.988168,38.07897],[-6.988898,38.081758],[-6.988633,38.08335],[-6.989501,38.085248],[-6.989015,38.086136],[-6.988936,38.088037],[-6.989833,38.089965],[-6.988855,38.094371],[-6.98955,38.096496],[-6.98832,38.098275],[-6.987794,38.10198],[-6.986715,38.103986],[-6.98536,38.102987],[-6.982761,38.102796],[-6.981787,38.103127],[-6.981432,38.103952],[-6.980347,38.103941],[-6.978907,38.105088],[-6.977613,38.104289],[-6.976711,38.104738],[-6.975587,38.104169],[-6.974864,38.104974],[-6.974933,38.105961],[-6.975615,38.106787],[-6.975259,38.107932],[-6.970618,38.110488],[-6.97239,38.114825],[-6.972149,38.115623],[-6.971164,38.116266],[-6.971368,38.117437],[-6.969623,38.119911],[-6.970272,38.120642],[-6.967844,38.122504],[-6.968194,38.124397],[-6.967693,38.125274],[-6.966776,38.126809],[-6.964746,38.12777],[-6.964518,38.128308],[-6.965728,38.129758],[-6.964598,38.130049],[-6.963871,38.131174],[-6.964918,38.131512],[-6.964915,38.132003],[-6.964472,38.132872],[-6.961472,38.132682],[-6.959397,38.133468],[-6.958005,38.137044],[-6.957906,38.138126],[-6.960294,38.138507],[-6.961421,38.140545],[-6.960878,38.142051],[-6.958325,38.145476],[-6.958227,38.147035],[-6.959097,38.149217],[-6.958959,38.150063],[-6.957901,38.150998],[-6.953832,38.151177],[-6.952651,38.151817],[-6.952175,38.152778],[-6.953524,38.154699],[-6.958025,38.156329],[-6.961106,38.155906],[-6.962497,38.154668],[-6.964776,38.157446],[-6.968371,38.159271],[-6.969231,38.160483],[-6.968224,38.163829],[-6.969145,38.166313],[-6.967282,38.168083],[-6.965535,38.167878],[-6.961404,38.176846],[-6.95359,38.186326],[-6.948671,38.188901],[-6.947171,38.190465],[-6.942556,38.193278],[-6.93784,38.198244],[-6.934787,38.200457],[-6.933821,38.201862],[-6.933186,38.205147],[-6.931499,38.208298],[-6.932341,38.208659],[-6.934039,38.20826],[-6.934877,38.206899],[-6.936021,38.206684],[-6.937822,38.206854],[-6.938517,38.207746],[-6.937851,38.21422],[-6.936992,38.217127],[-6.935723,38.219275],[-6.93581,38.220063],[-6.936698,38.220663],[-6.942299,38.218089],[-6.94536,38.214398],[-6.946507,38.211723],[-6.949482,38.212193],[-6.949606,38.212779],[-6.949588,38.213374],[-6.947395,38.216304],[-6.947252,38.217444],[-6.947648,38.217665],[-6.950713,38.217833],[-6.95374,38.216888],[-6.956582,38.216972],[-6.958931,38.214094],[-6.967641,38.206372],[-6.968412,38.204348],[-6.970018,38.203763],[-6.971942,38.20214],[-6.974934,38.203932],[-6.978129,38.206839],[-6.979578,38.210383],[-6.980518,38.211334],[-6.983076,38.211143],[-6.984063,38.209678],[-6.988913,38.207585],[-6.995518,38.203751],[-7.001579,38.203106],[-7.003693,38.203739],[-7.004925,38.204648],[-7.010669,38.204624],[-7.011398,38.204309],[-7.011824,38.203144],[-7.01012,38.20107],[-7.009294,38.198365],[-7.010335,38.195802],[-7.012389,38.195655],[-7.015368,38.197393],[-7.01668,38.197164],[-7.017547,38.196014],[-7.016905,38.193941],[-7.017122,38.191773],[-7.020807,38.188718],[-7.021567,38.187594],[-7.021226,38.186671],[-7.022545,38.185359],[-7.025304,38.184398],[-7.028599,38.182515],[-7.029505,38.182482],[-7.034276,38.184259],[-7.037293,38.186383],[-7.043488,38.187264],[-7.045186,38.185516],[-7.046088,38.182854],[-7.047845,38.180869],[-7.051903,38.179471],[-7.056114,38.180214],[-7.059369,38.177739],[-7.06014,38.178535],[-7.059864,38.179733],[-7.055174,38.183109],[-7.056027,38.18534],[-7.05795,38.186614],[-7.062697,38.185817],[-7.066183,38.186512],[-7.066847,38.185798],[-7.065207,38.182817],[-7.065982,38.181255],[-7.066212,38.179014],[-7.068485,38.177738],[-7.07514,38.176516],[-7.078278,38.174773],[-7.08406,38.16943],[-7.085337,38.169298],[-7.086448,38.170805],[-7.086899,38.174507],[-7.089165,38.178567],[-7.093501,38.179174],[-7.097224,38.178953],[-7.100207,38.18138],[-7.102673,38.186834],[-7.107805,38.187843],[-7.107033,38.18835],[-7.108003,38.189772],[-7.107323,38.190345],[-7.106844,38.190042],[-7.106776,38.190468],[-7.10704,38.191562],[-7.108014,38.19172],[-7.10712,38.192635],[-7.108287,38.193887],[-7.109887,38.193572],[-7.109385,38.194924],[-7.110243,38.195239],[-7.110584,38.198984],[-7.110945,38.199903],[-7.111923,38.200476],[-7.112207,38.202134],[-7.113603,38.20335],[-7.112778,38.204397],[-7.11266,38.206293],[-7.113581,38.206958],[-7.115748,38.206373],[-7.11706,38.20766],[-7.117805,38.211412],[-7.122024,38.21272],[-7.123775,38.217004],[-7.134388,38.227099],[-7.139848,38.235408],[-7.139255,38.236237],[-7.13969,38.237115],[-7.142845,38.240578],[-7.142697,38.24303],[-7.143647,38.246692],[-7.143202,38.248905],[-7.144789,38.25089],[-7.14271,38.255635],[-7.144862,38.257085],[-7.145144,38.258303],[-7.143671,38.259735],[-7.143341,38.260801],[-7.143888,38.261364],[-7.142944,38.261715],[-7.145021,38.263566],[-7.146219,38.262677],[-7.147196,38.262707],[-7.145922,38.265298],[-7.147579,38.266866],[-7.147142,38.267858],[-7.148681,38.268539],[-7.146976,38.268917],[-7.147445,38.26998],[-7.149869,38.270142],[-7.150331,38.26972],[-7.149934,38.268488],[-7.151956,38.267478],[-7.152648,38.267892],[-7.153387,38.27023],[-7.153315,38.270982],[-7.151757,38.272247],[-7.153136,38.27292],[-7.153325,38.273857],[-7.150885,38.27512],[-7.150572,38.275847],[-7.152613,38.276289],[-7.155536,38.275895],[-7.155073,38.277773],[-7.155482,38.278845],[-7.158898,38.279526],[-7.16072,38.279117],[-7.16202,38.279354],[-7.160921,38.279382],[-7.164013,38.281349],[-7.165334,38.281123],[-7.168525,38.278932],[-7.169684,38.279283],[-7.168524,38.284181],[-7.171073,38.284608],[-7.175478,38.288457],[-7.178253,38.292453],[-7.183017,38.296916],[-7.18596,38.302339],[-7.19107,38.307837],[-7.199154,38.321089],[-7.20024,38.326009],[-7.202253,38.329032],[-7.214502,38.340923],[-7.219642,38.342496],[-7.22413,38.348006],[-7.233198,38.357747],[-7.243694,38.365317],[-7.248175,38.369512],[-7.256632,38.380407],[-7.260071,38.382161],[-7.271324,38.394818],[-7.274516,38.400023],[-7.275733,38.404129],[-7.278381,38.409583],[-7.278758,38.411561],[-7.279966,38.413342],[-7.280441,38.414935],[-7.280222,38.417329],[-7.279483,38.418828],[-7.279748,38.419677],[-7.28108,38.420344],[-7.281859,38.419359],[-7.283853,38.419166],[-7.283691,38.420309],[-7.282941,38.420826],[-7.283948,38.421869],[-7.284401,38.423287],[-7.285563,38.423764],[-7.287888,38.422736],[-7.288078,38.425115],[-7.291206,38.423984],[-7.29219,38.424046],[-7.29189,38.42526],[-7.292892,38.425717],[-7.293057,38.426304],[-7.291285,38.427048],[-7.291483,38.427716],[-7.294399,38.428133],[-7.294067,38.426113],[-7.294815,38.425812],[-7.29992,38.42601],[-7.300373,38.427437],[-7.300194,38.429039],[-7.300818,38.429575],[-7.302524,38.42956],[-7.303173,38.431907],[-7.304625,38.432133],[-7.307076,38.431088],[-7.307926,38.43196],[-7.306586,38.432325],[-7.306693,38.43278],[-7.309069,38.434165],[-7.3107,38.433672],[-7.310248,38.435822],[-7.311699,38.435911],[-7.313139,38.435079],[-7.314406,38.435166],[-7.314587,38.435882],[-7.313949,38.436805],[-7.314713,38.439203],[-7.315984,38.43931],[-7.317114,38.440267],[-7.31768,38.440291],[-7.318495,38.439068],[-7.32021,38.438855],[-7.321071,38.439775],[-7.322239,38.440031],[-7.32351,38.439228],[-7.325019,38.439542],[-7.326178,38.438829],[-7.327961,38.438794],[-7.327645,38.43754],[-7.328532,38.436577],[-7.32978,38.436795],[-7.329559,38.437837],[-7.330057,38.43808],[-7.332603,38.436546],[-7.332892,38.435284],[-7.333815,38.434656],[-7.335847,38.43582],[-7.332406,38.43976],[-7.330252,38.444479],[-7.328587,38.445232],[-7.324745,38.445669],[-7.319762,38.446987],[-7.315041,38.44907],[-7.312462,38.4546],[-7.314473,38.458446],[-7.313256,38.460404],[-7.311685,38.461357],[-7.308371,38.461409],[-7.303721,38.464156],[-7.301892,38.46532],[-7.299474,38.469148],[-7.298561,38.469605],[-7.297698,38.472667],[-7.29589,38.476035],[-7.295997,38.479217],[-7.296335,38.480283],[-7.297878,38.48186],[-7.300431,38.482955],[-7.304787,38.482347],[-7.307692,38.480953],[-7.30887,38.480059],[-7.311286,38.476787],[-7.312162,38.474497],[-7.313271,38.474079],[-7.315283,38.473684],[-7.319412,38.47484],[-7.320295,38.475672],[-7.321572,38.47827],[-7.320813,38.485377],[-7.315239,38.496761],[-7.315333,38.501101],[-7.314177,38.504776],[-7.313951,38.507855],[-7.314755,38.512851],[-7.314552,38.513876],[-7.311936,38.515985],[-7.310052,38.516339],[-7.304445,38.518996],[-7.302626,38.521086],[-7.30087,38.526865],[-7.301522,38.533938],[-7.30317,38.537492],[-7.303361,38.543102],[-7.30192,38.545032],[-7.292815,38.553517],[-7.288967,38.558108],[-7.287184,38.562051],[-7.286021,38.563344],[-7.286711,38.571123],[-7.284347,38.5755],[-7.282566,38.576438],[-7.27641,38.575129],[-7.275641,38.575487],[-7.274159,38.576715],[-7.271598,38.580201],[-7.269628,38.584628],[-7.263905,38.587869],[-7.263905,38.589916],[-7.263065,38.592227],[-7.263358,38.59447],[-7.261154,38.597601],[-7.261267,38.600518],[-7.259357,38.603767],[-7.259334,38.605679],[-7.260173,38.606154],[-7.260415,38.60883],[-7.260048,38.610888],[-7.254015,38.617074],[-7.250864,38.619188],[-7.250688,38.618882],[-7.248255,38.620127],[-7.243595,38.624024],[-7.244918,38.626505],[-7.246834,38.627545],[-7.252314,38.628042],[-7.257013,38.627821],[-7.26118,38.626927],[-7.265578,38.627313],[-7.267186,38.628584],[-7.269135,38.631518],[-7.272498,38.638406],[-7.271374,38.641273],[-7.271702,38.642071],[-7.269836,38.648454],[-7.270284,38.651667],[-7.269439,38.657527],[-7.270163,38.666612],[-7.269525,38.668399],[-7.269784,38.669152],[-7.269209,38.670405],[-7.269366,38.671105],[-7.26783,38.673552],[-7.266983,38.676811],[-7.266737,38.679178],[-7.267393,38.679084],[-7.266733,38.679511],[-7.266696,38.680682],[-7.266305,38.680616],[-7.266711,38.681313],[-7.266193,38.681372],[-7.266548,38.683347],[-7.268482,38.686001],[-7.268849,38.687904],[-7.267171,38.692675],[-7.267725,38.695391],[-7.26716,38.69935],[-7.264785,38.701863],[-7.264322,38.703995],[-7.261267,38.707778],[-7.258723,38.713502],[-7.258477,38.712896],[-7.25801,38.713505],[-7.259201,38.719522],[-7.259603,38.718606],[-7.25992,38.719996],[-7.260346,38.719963],[-7.260179,38.722313],[-7.25942,38.724199],[-7.257069,38.726577],[-7.253244,38.729026],[-7.252172,38.730198],[-7.242714,38.735207],[-7.237908,38.736918],[-7.235806,38.736766],[-7.236418,38.736537],[-7.235478,38.736268],[-7.232516,38.736777],[-7.22848,38.736746],[-7.224198,38.739721],[-7.216547,38.742643],[-7.212387,38.745034],[-7.207244,38.748731],[-7.205761,38.750458],[-7.202644,38.752172],[-7.2015,38.753442],[-7.201723,38.754038],[-7.201183,38.753944],[-7.201087,38.755168],[-7.197619,38.758185],[-7.197183,38.759866],[-7.196177,38.760236],[-7.195763,38.761152],[-7.197069,38.764243],[-7.196677,38.765122],[-7.192431,38.7678],[-7.192043,38.767544],[-7.191159,38.768267],[-7.190886,38.769805],[-7.190318,38.770125],[-7.189874,38.769788],[-7.190007,38.769275],[-7.188648,38.769409],[-7.188227,38.768982],[-7.188293,38.770135],[-7.188981,38.770321],[-7.188838,38.770662],[-7.187289,38.77037],[-7.18642,38.770769],[-7.18538,38.770247],[-7.18457,38.77151],[-7.184112,38.771282],[-7.183303,38.772455],[-7.181207,38.773465],[-7.170176,38.776554],[-7.163804,38.77978],[-7.161711,38.781366],[-7.161002,38.783558],[-7.159295,38.784514],[-7.157853,38.786507],[-7.156519,38.79121],[-7.153943,38.793777],[-7.153307,38.795069],[-7.145635,38.801979],[-7.128607,38.813759],[-7.124308,38.815546],[-7.108089,38.816944],[-7.101296,38.816447],[-7.099492,38.815253],[-7.096373,38.815966],[-7.089231,38.821033],[-7.088114,38.822657],[-7.085396,38.830841],[-7.07739,38.8412],[-7.074567,38.847451],[-7.072464,38.84921],[-7.068607,38.8542],[-7.065366,38.85426],[-7.063446,38.855395],[-7.062871,38.856551],[-7.061176,38.858068],[-7.057389,38.857531],[-7.053214,38.857981],[-7.052968,38.859063],[-7.051078,38.860398],[-7.04807,38.861326],[-7.047042,38.863676],[-7.045307,38.865137],[-7.044128,38.864541],[-7.04444,38.863446],[-7.044113,38.863156],[-7.041517,38.863436],[-7.039244,38.864681],[-7.038534,38.866786],[-7.039791,38.867974],[-7.039588,38.869959],[-7.03868,38.87137],[-7.036796,38.872607],[-7.035865,38.876022],[-7.032878,38.877305],[-7.033022,38.878825],[-7.035627,38.883535],[-7.038819,38.883007],[-7.040442,38.883816],[-7.039975,38.886049],[-7.039204,38.88705],[-7.039174,38.891317],[-7.041667,38.897876],[-7.044828,38.901745],[-7.048849,38.902666],[-7.052181,38.906953],[-7.049057,38.908453],[-7.041327,38.91403],[-7.03265,38.91835],[-7.027445,38.922941],[-7.025367,38.926236],[-7.02173,38.937987],[-7.020395,38.940115],[-7.016831,38.943313],[-7.013483,38.948757],[-7.010907,38.951794],[-7.007378,38.95536],[-7.003199,38.958295],[-7.001567,38.96058],[-6.99916,38.962665],[-6.992253,38.972121],[-6.986603,38.976342],[-6.982636,38.981353],[-6.981587,38.985414],[-6.978371,38.988382],[-6.975102,38.99485],[-6.971341,38.998229],[-6.969828,39.002496],[-6.964489,39.010978],[-6.961543,39.01384],[-6.959059,39.017306],[-6.95113,39.023598],[-6.954377,39.026225],[-6.956766,39.02972],[-6.95923,39.031241],[-6.963906,39.035678],[-6.965035,39.037592],[-6.967806,39.039491],[-6.964851,39.04312],[-6.964576,39.043842],[-6.965022,39.044971],[-6.962229,39.048144],[-6.961396,39.051403],[-6.959416,39.054471],[-6.962656,39.060816],[-6.968932,39.066824],[-6.970276,39.070087],[-6.970424,39.072641],[-6.974385,39.077816],[-6.977134,39.080567],[-6.980903,39.087821],[-6.989719,39.094952],[-6.996028,39.099293],[-7.008946,39.104159],[-7.015814,39.109343],[-7.017707,39.109737],[-7.028191,39.115653],[-7.032577,39.117322],[-7.038773,39.11839],[-7.053692,39.117713],[-7.055636,39.115579],[-7.064677,39.112825],[-7.067807,39.113212],[-7.079753,39.108934],[-7.096205,39.106253],[-7.100985,39.104477],[-7.105334,39.0992],[-7.120887,39.103611],[-7.130786,39.105175],[-7.144025,39.108633],[-7.145644,39.11233],[-7.148015,39.114527],[-7.14798,39.117506],[-7.149427,39.121646],[-7.148547,39.122642],[-7.146447,39.123745],[-7.143662,39.127399],[-7.144287,39.129788],[-7.142323,39.132942],[-7.142529,39.135178],[-7.141972,39.136164],[-7.142052,39.13919],[-7.138011,39.141444],[-7.137341,39.143192],[-7.136143,39.144456],[-7.136398,39.146545],[-7.137485,39.147479],[-7.138479,39.147678],[-7.140426,39.150172],[-7.138837,39.151158],[-7.138883,39.152289],[-7.136016,39.155048],[-7.13579,39.156056],[-7.135125,39.15645],[-7.135796,39.158044],[-7.134607,39.15974],[-7.133296,39.160236],[-7.132932,39.160978],[-7.133337,39.162224],[-7.134364,39.162971],[-7.132193,39.164703],[-7.133152,39.166482],[-7.134051,39.166728],[-7.133777,39.168415],[-7.134667,39.171198],[-7.136549,39.172084],[-7.140569,39.172651],[-7.144824,39.172106],[-7.145976,39.172574],[-7.147186,39.171978],[-7.148388,39.172217],[-7.149817,39.172725],[-7.149606,39.173426],[-7.150702,39.17391],[-7.150823,39.174678],[-7.153642,39.175399],[-7.155646,39.175219],[-7.159491,39.176943],[-7.163438,39.180234],[-7.166859,39.181224],[-7.168648,39.181311],[-7.170455,39.180575],[-7.172667,39.180432],[-7.181233,39.181366],[-7.185123,39.182871],[-7.187764,39.18333],[-7.189293,39.184149],[-7.190099,39.18526],[-7.193719,39.187294],[-7.196344,39.187152],[-7.201225,39.185844],[-7.20279,39.186666],[-7.204558,39.186542],[-7.207896,39.187319],[-7.210126,39.189495],[-7.21448,39.190419],[-7.216827,39.19192],[-7.218612,39.191887],[-7.220694,39.192528],[-7.221607,39.1933],[-7.221824,39.195012],[-7.224832,39.196355],[-7.22805,39.200723],[-7.234846,39.20504],[-7.24146,39.208255],[-7.239991,39.217883],[-7.242288,39.222173],[-7.245136,39.22592],[-7.245311,39.227574],[-7.244713,39.231908],[-7.241731,39.234374],[-7.242031,39.242209],[-7.245752,39.245732],[-7.248018,39.253376],[-7.246519,39.256446],[-7.244093,39.259212],[-7.235519,39.273252],[-7.231472,39.278258],[-7.232586,39.27986],[-7.234311,39.279697],[-7.235574,39.280116],[-7.237378,39.28186],[-7.241763,39.283753],[-7.241841,39.284318],[-7.245831,39.287297],[-7.253181,39.291532],[-7.253825,39.292832],[-7.257814,39.29557],[-7.263076,39.299081],[-7.267004,39.301018],[-7.270153,39.304204],[-7.270308,39.305363],[-7.268564,39.308734],[-7.268858,39.309423],[-7.272626,39.311273],[-7.27392,39.31289],[-7.273873,39.313527],[-7.277272,39.316108],[-7.281494,39.320617],[-7.288038,39.32309],[-7.287855,39.324667],[-7.290832,39.326055],[-7.292278,39.328785],[-7.296459,39.329405],[-7.299804,39.330561],[-7.301974,39.331714],[-7.307485,39.336109],[-7.310341,39.340961],[-7.306021,39.351095],[-7.306276,39.356273],[-7.308784,39.359063],[-7.31036,39.361698],[-7.310539,39.369033],[-7.311498,39.371026],[-7.314272,39.372179],[-7.31562,39.372232],[-7.315286,39.372731],[-7.317057,39.375633],[-7.316878,39.376339],[-7.317808,39.37809],[-7.321112,39.378045],[-7.321994,39.378916],[-7.322108,39.380197],[-7.322816,39.381294],[-7.321412,39.386606],[-7.318333,39.389298],[-7.314915,39.394087],[-7.314049,39.3961],[-7.313504,39.399508],[-7.311418,39.398594],[-7.310024,39.398666],[-7.309865,39.399858],[-7.307481,39.402879],[-7.308442,39.404642],[-7.307411,39.406206],[-7.306911,39.408446],[-7.30576,39.409707],[-7.305537,39.411083],[-7.302633,39.412213],[-7.303291,39.41521],[-7.301117,39.416912],[-7.302927,39.419857],[-7.301436,39.422685],[-7.308613,39.430318],[-7.307687,39.431851],[-7.306332,39.432889],[-7.304935,39.437656],[-7.306088,39.439164],[-7.305005,39.440696],[-7.305842,39.443036],[-7.304957,39.444459],[-7.305553,39.446128],[-7.302495,39.448411],[-7.302091,39.449335],[-7.301243,39.449466],[-7.298364,39.452583],[-7.295942,39.4538],[-7.294261,39.456828],[-7.300375,39.463297],[-7.302214,39.463025],[-7.304428,39.463867],[-7.307583,39.465925],[-7.309119,39.467565],[-7.312898,39.467589],[-7.319147,39.469932],[-7.321064,39.473563],[-7.322963,39.474691],[-7.325113,39.475393],[-7.332592,39.476222],[-7.338088,39.478969],[-7.343811,39.478136],[-7.345026,39.479314],[-7.345416,39.481676],[-7.346851,39.482378],[-7.347621,39.483425],[-7.347765,39.487991],[-7.349754,39.48806],[-7.356035,39.483947],[-7.360495,39.483399],[-7.362489,39.481395],[-7.364892,39.482194],[-7.364992,39.486219],[-7.367163,39.486258],[-7.369035,39.487992],[-7.372951,39.488101],[-7.374797,39.489714],[-7.377141,39.489247],[-7.378333,39.490463],[-7.381881,39.491237],[-7.381903,39.492373],[-7.380946,39.492668],[-7.37878,39.494535],[-7.379113,39.496402],[-7.382561,39.498397],[-7.384824,39.498715],[-7.38638,39.498427],[-7.387334,39.501657],[-7.389553,39.502417],[-7.390364,39.503226],[-7.3898,39.505308],[-7.390278,39.506584],[-7.38997,39.507858],[-7.387721,39.510375],[-7.388427,39.511229],[-7.388206,39.512242],[-7.388939,39.51382],[-7.387957,39.518662],[-7.389036,39.520213],[-7.388493,39.523956],[-7.388787,39.524643],[-7.392269,39.526419],[-7.392772,39.52724],[-7.390685,39.529717],[-7.400048,39.533783],[-7.401163,39.53358],[-7.404057,39.53151],[-7.406168,39.530626],[-7.407847,39.531691],[-7.410518,39.532345],[-7.418423,39.531552],[-7.420071,39.533887],[-7.421981,39.534481],[-7.423966,39.534142],[-7.426654,39.532689],[-7.427981,39.533708],[-7.430258,39.534509],[-7.432195,39.536942],[-7.434699,39.538965],[-7.437713,39.539755],[-7.441703,39.543171],[-7.443455,39.547148],[-7.446504,39.548127],[-7.444509,39.550862],[-7.44459,39.551334],[-7.447251,39.551401],[-7.447952,39.551812],[-7.448282,39.553941],[-7.450722,39.558513],[-7.451611,39.561679],[-7.452587,39.562719],[-7.456846,39.565231],[-7.458915,39.565914],[-7.459828,39.566806],[-7.459612,39.568581],[-7.461212,39.572789],[-7.465449,39.573929],[-7.466904,39.576955],[-7.472283,39.578713],[-7.478909,39.578764],[-7.479647,39.580159],[-7.482606,39.581492],[-7.488321,39.58679],[-7.490023,39.586832],[-7.493034,39.585797],[-7.494911,39.586093],[-7.497168,39.588988],[-7.499408,39.589607],[-7.499856,39.590943],[-7.498948,39.592236],[-7.498906,39.593426],[-7.500018,39.594571],[-7.500133,39.599453],[-7.503913,39.600853],[-7.504594,39.604328],[-7.507798,39.606735],[-7.508157,39.611269],[-7.510058,39.618789],[-7.513914,39.621339],[-7.515486,39.623657],[-7.520647,39.626219],[-7.522968,39.62874],[-7.524546,39.63175],[-7.527388,39.634872],[-7.527658,39.635893],[-7.527311,39.637328],[-7.524739,39.642777],[-7.526888,39.645173],[-7.527578,39.647545],[-7.526804,39.650812],[-7.527557,39.655921],[-7.529019,39.657462],[-7.531739,39.658407],[-7.53209,39.662184],[-7.537201,39.661445],[-7.54168,39.66368],[-7.53967,39.66536],[-7.534705,39.666952],[-7.531696,39.66729],[-7.516622,39.665748],[-7.49711,39.665269],[-7.491843,39.665785],[-7.482045,39.664429],[-7.476899,39.662765],[-7.467339,39.662924],[-7.455523,39.662361],[-7.445397,39.660585],[-7.439699,39.658779],[-7.435013,39.65635],[-7.431361,39.653669],[-7.425245,39.651091],[-7.416429,39.64879],[-7.409059,39.648356],[-7.40299,39.646352],[-7.399419,39.646521],[-7.391818,39.649743],[-7.381332,39.650923],[-7.375163,39.650777],[-7.364485,39.647989],[-7.351717,39.645686],[-7.336977,39.641114],[-7.333676,39.640847],[-7.33116,39.640994],[-7.327015,39.642689],[-7.318381,39.648538],[-7.310923,39.650493],[-7.304666,39.652933],[-7.295218,39.654395],[-7.292642,39.655561],[-7.289495,39.659196],[-7.287693,39.660319],[-7.27937,39.662174],[-7.272044,39.662658],[-7.267832,39.66401],[-7.251522,39.666811],[-7.246257,39.666626],[-7.240862,39.665653],[-7.218944,39.66028],[-7.21568,39.659886],[-7.212252,39.660277],[-7.206379,39.661847],[-7.201502,39.662165],[-7.193917,39.660182],[-7.178544,39.658501],[-7.170662,39.656077],[-7.163328,39.65585],[-7.156082,39.653804],[-7.15135,39.653072],[-7.14279,39.653798],[-7.131481,39.659995],[-7.128041,39.662726],[-7.122836,39.663784],[-7.117982,39.663311],[-7.110917,39.66344],[-7.104702,39.664223],[-7.098706,39.662645],[-7.092142,39.663542],[-7.089401,39.663359],[-7.073158,39.658191],[-7.06498,39.658052],[-7.060376,39.659176],[-7.054969,39.659549],[-7.045857,39.663187],[-7.036887,39.665944],[-7.025224,39.668097],[-7.01901,39.670015],[-7.015516,39.670428],[-7.014236,39.674095],[-7.014432,39.677231],[-7.013324,39.679327],[-7.007265,39.684756],[-7.007703,39.687013],[-7.006796,39.689857],[-7.006701,39.691774],[-7.005609,39.694816],[-7.003783,39.696964],[-7.005384,39.701814],[-7.002431,39.705177],[-7.000041,39.710268],[-6.99952,39.714166],[-6.998051,39.715531],[-6.995329,39.716558],[-6.994437,39.718426],[-6.993727,39.721761],[-6.990982,39.723453],[-6.988168,39.727151],[-6.98727,39.727595],[-6.988181,39.728798],[-6.993221,39.730769],[-6.993851,39.731639],[-6.993772,39.732511],[-6.991765,39.735611],[-6.99195,39.737192],[-6.993943,39.7403],[-6.993759,39.741501],[-6.991466,39.745937],[-6.989763,39.75217],[-6.987586,39.753301],[-6.987029,39.754242],[-6.98792,39.759911],[-6.987182,39.76319],[-6.984124,39.768128],[-6.979179,39.770989],[-6.977316,39.771575],[-6.976833,39.772321],[-6.977347,39.777706],[-6.979103,39.780183],[-6.981676,39.781896],[-6.98211,39.783682],[-6.981776,39.78555],[-6.983396,39.788972],[-6.983524,39.79069],[-6.984535,39.791514],[-6.987689,39.792593],[-6.989468,39.794673],[-6.986568,39.79816],[-6.986778,39.799209],[-6.987967,39.800755],[-6.986624,39.805428],[-6.987204,39.810027],[-6.986164,39.810534],[-6.983915,39.810391],[-6.984189,39.814214],[-6.981498,39.817545],[-6.980968,39.820017],[-6.97716,39.819139],[-6.975074,39.819456],[-6.971757,39.822547],[-6.971739,39.824291],[-6.970897,39.825049],[-6.966546,39.825707],[-6.965707,39.82563],[-6.964833,39.824618],[-6.961316,39.824664],[-6.960065,39.825115],[-6.958213,39.823784],[-6.954196,39.825644],[-6.950584,39.826372],[-6.948384,39.827526],[-6.94763,39.829647],[-6.945986,39.832079],[-6.945804,39.834277],[-6.943797,39.835669],[-6.941749,39.834178],[-6.940082,39.834081],[-6.939072,39.83731],[-6.937713,39.838308],[-6.934917,39.838585],[-6.934153,39.840804],[-6.935629,39.841525],[-6.936009,39.842819],[-6.935149,39.844793],[-6.933443,39.846726],[-6.932729,39.850358],[-6.929473,39.854132],[-6.923884,39.857834],[-6.919114,39.858693],[-6.916375,39.858329],[-6.914327,39.858767],[-6.9122,39.862299],[-6.909513,39.863114],[-6.907513,39.868774],[-6.903591,39.870705],[-6.902771,39.873059],[-6.903896,39.875152],[-6.904094,39.876528],[-6.903522,39.879552],[-6.90263,39.881289],[-6.902819,39.884465],[-6.901972,39.886645],[-6.902622,39.887871],[-6.904264,39.888024],[-6.905812,39.889322],[-6.906039,39.890331],[-6.903687,39.895964],[-6.899975,39.899479],[-6.899411,39.900893],[-6.899308,39.901893],[-6.902251,39.905756],[-6.901972,39.906695],[-6.899778,39.908985],[-6.899529,39.910719],[-6.900083,39.911962],[-6.904159,39.916832],[-6.905484,39.917607],[-6.907496,39.917871],[-6.907815,39.918636],[-6.90733,39.919748],[-6.904335,39.920514],[-6.903624,39.921108],[-6.904156,39.922144],[-6.906189,39.922936],[-6.906584,39.923818],[-6.904859,39.925731],[-6.901381,39.927746],[-6.901073,39.930806],[-6.892776,39.932483],[-6.891824,39.93365],[-6.890663,39.937583],[-6.884954,39.940692],[-6.883856,39.945927],[-6.884124,39.948651],[-6.885732,39.951057],[-6.884659,39.953261],[-6.884711,39.954858],[-6.88788,39.958653],[-6.888532,39.961018],[-6.88732,39.965255],[-6.882813,39.967997],[-6.882232,39.969419],[-6.880676,39.970283],[-6.879567,39.971841],[-6.879994,39.973226],[-6.881289,39.974389],[-6.885764,39.976911],[-6.886538,39.978061],[-6.88668,39.979351],[-6.885827,39.981059],[-6.883129,39.982726],[-6.881401,39.984471],[-6.880041,39.986517],[-6.878477,39.990703],[-6.875783,39.992274],[-6.873937,39.994943],[-6.872704,40.000332],[-6.874379,40.004113],[-6.873845,40.007482],[-6.870541,40.0089],[-6.865769,40.009744],[-6.864524,40.010472],[-6.863785,40.012009],[-6.864647,40.013725],[-6.866659,40.015239],[-6.874555,40.016692],[-6.877247,40.018168],[-6.877014,40.019656],[-6.87442,40.022658],[-6.874263,40.023771],[-6.87683,40.025878],[-6.876827,40.026899],[-6.877517,40.027882],[-6.882536,40.033408],[-6.882546,40.035029],[-6.88093,40.041675],[-6.884325,40.0434],[-6.885575,40.046033],[-6.88873,40.0476],[-6.891307,40.049741],[-6.892941,40.050465],[-6.894986,40.050529],[-6.89717,40.052087],[-6.89705,40.053417],[-6.893268,40.05661],[-6.892111,40.059557],[-6.892289,40.060258],[-6.894233,40.061107],[-6.901602,40.061062],[-6.903653,40.061455],[-6.907588,40.06321],[-6.908002,40.06643],[-6.909391,40.067205],[-6.912312,40.067147],[-6.914928,40.065523],[-6.916253,40.065561],[-6.917251,40.066139],[-6.917941,40.068063],[-6.917716,40.074505],[-6.919079,40.077138],[-6.918796,40.082744],[-6.920771,40.084771],[-6.920786,40.087074],[-6.923743,40.088879],[-6.925862,40.092041],[-6.931668,40.095932],[-6.932401,40.100097],[-6.93377,40.103551],[-6.937873,40.102934],[-6.938961,40.103823],[-6.942212,40.103515],[-6.942978,40.103982],[-6.943359,40.105877],[-6.940956,40.106894],[-6.941585,40.109133],[-6.94087,40.11251],[-6.942215,40.112656],[-6.945868,40.111794],[-6.948053,40.109941],[-6.949447,40.111332],[-6.951581,40.111936],[-6.952224,40.114035],[-6.953423,40.115474],[-6.954224,40.115607],[-6.957232,40.113002],[-6.95801,40.111664],[-6.960834,40.111136],[-6.961508,40.111526],[-6.962144,40.112928],[-6.960824,40.114633],[-6.960797,40.115545],[-6.962258,40.117052],[-6.965067,40.116801],[-6.966799,40.115372],[-6.969247,40.11494],[-6.976049,40.116406],[-6.978633,40.118968],[-6.980058,40.118657],[-6.982105,40.116991],[-6.986615,40.119092],[-6.989782,40.117677],[-6.990403,40.116418],[-6.990435,40.113493],[-6.991376,40.112802],[-6.993012,40.112487],[-6.993851,40.113806],[-6.993413,40.116273],[-6.99252,40.117607],[-6.993253,40.119268],[-6.994297,40.119492],[-6.995207,40.118862],[-6.999814,40.119141],[-6.99914,40.120533],[-6.999343,40.121301],[-6.999892,40.121726],[-7.00289,40.121321],[-7.003636,40.123998],[-7.004429,40.123859],[-7.004687,40.122849],[-7.007265,40.122769],[-7.007165,40.125112],[-7.012936,40.12613],[-7.013141,40.126678],[-7.011133,40.127356],[-7.01069,40.128293],[-7.009133,40.129348],[-7.008974,40.130127],[-7.011912,40.132169],[-7.014618,40.131794],[-7.014355,40.132749],[-7.012641,40.13412],[-7.015231,40.135745],[-7.014993,40.136751],[-7.013732,40.137565],[-7.015636,40.138104],[-7.015519,40.139384],[-7.016305,40.140205],[-7.01618,40.141434],[-7.01707,40.14258],[-7.018949,40.142595],[-7.020137,40.143682],[-7.021236,40.143975],[-7.018884,40.145563],[-7.017779,40.148125],[-7.015078,40.148691],[-7.014272,40.149338],[-7.014181,40.150529],[-7.015321,40.151732],[-7.016014,40.153865],[-7.014407,40.158181],[-7.016389,40.160638],[-7.018372,40.16156],[-7.018025,40.162739],[-7.020181,40.164061],[-7.019288,40.165449],[-7.022023,40.167458],[-7.021623,40.168363],[-7.020272,40.168294],[-7.017804,40.170067],[-7.017335,40.171654],[-7.018232,40.175462],[-7.016486,40.176464],[-7.017234,40.177696],[-7.018322,40.177575],[-7.018182,40.177953],[-7.019486,40.179072],[-7.020545,40.179233],[-7.021287,40.180545],[-7.023668,40.181035],[-7.025514,40.180761],[-7.026092,40.181919],[-7.028528,40.182709],[-7.029886,40.183969],[-7.029479,40.185552],[-7.029972,40.18639],[-7.028624,40.187532],[-7.028336,40.190906],[-7.027338,40.191481],[-7.024999,40.194353],[-7.020279,40.195943],[-7.018907,40.197294],[-7.019725,40.198685],[-7.018943,40.205751],[-7.015707,40.211956],[-7.015356,40.215499],[-7.013606,40.216573],[-7.012894,40.218519],[-7.012972,40.220141],[-7.011448,40.221301],[-7.010721,40.222885],[-7.012691,40.225458],[-7.004893,40.229936],[-6.998518,40.235219],[-6.988893,40.236388],[-6.97905,40.240656],[-6.976425,40.240606],[-6.973088,40.236693],[-6.970987,40.236344],[-6.96929,40.236868],[-6.96785,40.236537],[-6.965943,40.236906],[-6.96245,40.238726],[-6.962444,40.241117],[-6.9615,40.243008],[-6.958944,40.245352],[-6.956574,40.246667],[-6.954388,40.249161],[-6.955086,40.251781],[-6.951418,40.257573],[-6.944211,40.256546],[-6.940989,40.257125],[-6.938912,40.257873],[-6.938098,40.2587],[-6.935336,40.258214],[-6.933664,40.257109],[-6.931968,40.257775],[-6.930792,40.257834],[-6.930271,40.257328],[-6.926108,40.258344],[-6.919656,40.255969],[-6.919278,40.255422],[-6.916713,40.256121],[-6.91138,40.254175],[-6.907322,40.253899],[-6.904445,40.257174],[-6.900203,40.257148],[-6.894601,40.258837],[-6.893815,40.259571],[-6.891537,40.259741],[-6.889902,40.26049],[-6.885167,40.258727],[-6.884007,40.257874],[-6.882769,40.25863],[-6.876245,40.259989],[-6.86799,40.264342],[-6.866046,40.26666],[-6.862412,40.277107],[-6.862219,40.279171],[-6.864399,40.284223],[-6.864546,40.286233],[-6.86415,40.287711],[-6.863919,40.296187],[-6.861377,40.299611],[-6.847706,40.306891],[-6.845159,40.309002],[-6.84284,40.31185],[-6.840055,40.313723],[-6.837438,40.313727],[-6.834692,40.314476],[-6.833574,40.315298],[-6.8323,40.317352],[-6.831133,40.317921],[-6.829216,40.317548],[-6.826556,40.318865],[-6.825648,40.321589],[-6.824604,40.322859],[-6.822941,40.322915],[-6.821664,40.322346],[-6.81888,40.323836],[-6.818216,40.32491],[-6.816978,40.325299],[-6.815958,40.324653],[-6.812679,40.325054],[-6.810553,40.324677],[-6.808151,40.325255],[-6.803997,40.324437],[-6.800989,40.325255],[-6.799978,40.3263],[-6.798311,40.326642],[-6.796515,40.328501],[-6.794107,40.3284],[-6.790332,40.334226],[-6.790859,40.343068],[-6.791746,40.346532],[-6.793792,40.350087],[-6.794367,40.353722],[-6.793904,40.355442],[-6.793423,40.356483],[-6.789569,40.359955],[-6.78539,40.362339],[-6.781749,40.363448],[-6.780961,40.364556],[-6.782804,40.368215],[-6.784214,40.369885],[-6.793423,40.372144],[-6.79578,40.373751],[-6.798666,40.377794],[-6.803655,40.381545],[-6.806464,40.382305],[-6.808589,40.383856],[-6.809185,40.383733],[-6.810455,40.384955],[-6.809181,40.385535],[-6.809457,40.38728],[-6.812512,40.390944],[-6.821928,40.395642],[-6.829315,40.401903],[-6.829522,40.403569],[-6.831468,40.406124],[-6.834464,40.407706],[-6.838721,40.414731],[-6.839128,40.417288],[-6.841363,40.423265],[-6.843029,40.430299],[-6.849693,40.45152],[-6.847953,40.455798],[-6.842505,40.46405],[-6.841748,40.466445],[-6.840157,40.468728],[-6.836992,40.470909],[-6.836279,40.472127],[-6.836262,40.474099],[-6.83523,40.475406],[-6.832226,40.477015],[-6.829312,40.479537],[-6.822664,40.483162],[-6.82265,40.484249],[-6.821306,40.486603],[-6.817636,40.490069],[-6.818237,40.492402],[-6.817991,40.494614],[-6.814699,40.501564],[-6.81137,40.503726],[-6.810826,40.505167],[-6.807741,40.505781],[-6.807164,40.506667],[-6.805593,40.50686],[-6.804854,40.507675],[-6.802981,40.508198],[-6.800779,40.509638],[-6.798396,40.509523],[-6.796931,40.509965],[-6.795268,40.511369],[-6.797563,40.518652],[-6.797448,40.522429],[-6.799363,40.525202],[-6.800635,40.525999],[-6.80418,40.531185],[-6.805201,40.535951],[-6.805361,40.54077],[-6.801628,40.54791],[-6.801573,40.549214],[-6.800862,40.550353],[-6.802079,40.550783],[-6.804634,40.550437],[-6.80478,40.553549],[-6.805611,40.55489],[-6.808273,40.554361],[-6.815683,40.556692],[-6.823191,40.55819],[-6.8264,40.561177],[-6.829961,40.56303],[-6.834929,40.564335],[-6.845357,40.565954],[-6.844079,40.570371],[-6.843163,40.572664],[-6.841979,40.574158],[-6.841332,40.576604],[-6.837842,40.57988],[-6.837743,40.582049],[-6.836794,40.584618],[-6.838721,40.592731],[-6.838112,40.594235],[-6.833898,40.597777],[-6.831589,40.600771],[-6.827572,40.602977],[-6.82656,40.604225],[-6.825786,40.606527],[-6.820859,40.61047],[-6.818468,40.614968],[-6.81536,40.618226],[-6.811428,40.625799],[-6.808125,40.629441],[-6.806225,40.632749],[-6.80417,40.639502],[-6.803636,40.643133],[-6.802282,40.646071],[-6.800757,40.64763],[-6.79977,40.650707],[-6.799488,40.654489],[-6.795658,40.658616],[-6.794014,40.661297],[-6.795412,40.662571],[-6.804645,40.667143],[-6.805556,40.668518],[-6.804038,40.6707],[-6.804493,40.672774],[-6.802876,40.674804],[-6.803534,40.675364],[-6.802588,40.676127],[-6.801741,40.677953],[-6.802216,40.678594],[-6.802186,40.680565],[-6.803292,40.68206],[-6.803118,40.68437],[-6.80469,40.686937],[-6.8041,40.688097],[-6.805817,40.69066],[-6.805052,40.692911],[-6.806833,40.693292],[-6.806855,40.694029],[-6.806068,40.695027],[-6.807187,40.69668],[-6.806995,40.697874],[-6.809274,40.699249],[-6.811344,40.701893],[-6.812207,40.706294],[-6.813241,40.708387],[-6.811244,40.712666],[-6.811269,40.715411],[-6.81077,40.716879],[-6.813458,40.72074],[-6.815676,40.722392],[-6.817413,40.72549],[-6.819315,40.725753],[-6.819916,40.728068],[-6.82333,40.728612],[-6.824736,40.729945],[-6.824092,40.732042],[-6.825367,40.73476],[-6.824912,40.737152],[-6.828627,40.738552],[-6.828614,40.739187],[-6.829569,40.740241],[-6.829135,40.741256],[-6.829356,40.742079],[-6.830544,40.742769],[-6.828612,40.744611],[-6.829167,40.744928],[-6.829222,40.7474],[-6.830043,40.748772],[-6.82963,40.749921],[-6.830253,40.750517],[-6.830005,40.751321],[-6.831171,40.752804],[-6.828987,40.756312],[-6.829943,40.757324],[-6.829559,40.758247],[-6.828722,40.758989],[-6.827204,40.762068],[-6.828375,40.763621],[-6.825927,40.767793],[-6.825858,40.770078],[-6.826647,40.770574],[-6.827742,40.773247],[-6.827772,40.77608],[-6.826236,40.778467],[-6.826096,40.780354],[-6.825411,40.781376],[-6.825666,40.784865],[-6.824938,40.785909],[-6.822234,40.78758],[-6.822376,40.788745],[-6.821506,40.789202],[-6.821116,40.790756],[-6.819191,40.792505],[-6.819597,40.794446],[-6.818677,40.796004],[-6.816929,40.797088],[-6.816978,40.799366],[-6.818205,40.801831],[-6.817569,40.803609],[-6.81734,40.807477],[-6.818985,40.809898],[-6.819684,40.812094],[-6.822022,40.814823],[-6.821776,40.816461],[-6.823068,40.816842],[-6.823682,40.817901],[-6.823097,40.824065],[-6.824433,40.824702],[-6.824664,40.825687],[-6.825136,40.825878],[-6.823399,40.827204],[-6.823884,40.832508],[-6.823383,40.83434],[-6.822508,40.834763],[-6.821712,40.833277],[-6.820989,40.833541],[-6.820951,40.834685],[-6.821901,40.835874],[-6.821209,40.836928],[-6.823605,40.838506],[-6.824063,40.840119],[-6.826916,40.840283],[-6.825466,40.841919],[-6.826002,40.843377],[-6.824798,40.845067],[-6.823656,40.844805],[-6.822967,40.843143],[-6.821892,40.843033],[-6.820949,40.843817],[-6.819824,40.84249],[-6.818836,40.842088],[-6.817747,40.843336],[-6.816262,40.843925],[-6.815927,40.843672],[-6.816168,40.843185],[-6.814133,40.842008],[-6.812162,40.842079],[-6.812425,40.842974],[-6.811732,40.843806],[-6.810979,40.844163],[-6.809132,40.84383],[-6.809185,40.844958],[-6.808127,40.84485],[-6.807558,40.8458],[-6.803511,40.846235],[-6.80194,40.845635],[-6.800163,40.848632],[-6.801944,40.849537],[-6.802094,40.850554],[-6.80129,40.852562],[-6.803133,40.854145],[-6.802867,40.854736],[-6.803959,40.8572],[-6.8029,40.858679],[-6.803237,40.859882],[-6.801973,40.860305],[-6.801921,40.860715],[-6.803027,40.863224],[-6.805203,40.86519],[-6.80541,40.866186],[-6.804676,40.870702],[-6.8062,40.872067],[-6.806608,40.875472],[-6.808479,40.879296],[-6.809034,40.882396],[-6.810656,40.882886],[-6.819988,40.881023],[-6.820705,40.881524],[-6.821458,40.883731],[-6.822508,40.884872],[-6.82735,40.884714],[-6.83034,40.885535],[-6.833703,40.888698],[-6.83848,40.890517],[-6.839278,40.893051],[-6.840921,40.894497],[-6.84275,40.897533],[-6.845684,40.900431],[-6.849106,40.902788],[-6.848825,40.904288],[-6.849289,40.907806],[-6.848115,40.909829],[-6.848999,40.914201],[-6.84735,40.917911],[-6.847498,40.919268],[-6.848572,40.920672],[-6.848778,40.92285],[-6.847578,40.923755],[-6.847643,40.924565],[-6.849783,40.927895],[-6.853232,40.931214],[-6.852458,40.936365],[-6.855037,40.939344],[-6.856484,40.943686],[-6.858184,40.946415],[-6.858159,40.947527],[-6.859131,40.949726],[-6.863779,40.953546],[-6.8669,40.957647],[-6.875521,40.960905],[-6.875944,40.962938],[-6.877853,40.964255],[-6.87788,40.965116],[-6.878812,40.966327],[-6.885608,40.971517],[-6.886511,40.973272],[-6.88911,40.97608],[-6.890531,40.979131],[-6.890413,40.981092],[-6.894867,40.983408],[-6.896266,40.984688],[-6.897758,40.985079],[-6.903531,40.98973],[-6.905014,40.994264],[-6.90881,40.99892],[-6.910905,40.999787],[-6.918504,41.000855],[-6.921579,41.002481],[-6.923021,41.005454],[-6.924653,41.010969],[-6.929434,41.013771],[-6.931633,41.01681],[-6.931618,41.018145],[-6.929583,41.023798],[-6.931356,41.029411],[-6.925617,41.0325],[-6.919489,41.036993],[-6.916119,41.038385],[-6.911521,41.037925],[-6.908883,41.037008],[-6.903657,41.034122],[-6.891496,41.031701],[-6.879872,41.028247],[-6.873282,41.027818],[-6.868525,41.026869],[-6.855523,41.027602],[-6.847082,41.027222],[-6.833774,41.028481],[-6.827421,41.030687],[-6.818147,41.032626],[-6.813604,41.035194],[-6.808931,41.036496],[-6.807721,41.038097],[-6.807568,41.039776],[-6.807708,41.040796],[-6.809438,41.042873],[-6.808966,41.044725],[-6.807094,41.046054],[-6.801634,41.048451],[-6.798601,41.050462],[-6.796276,41.052877],[-6.790794,41.056524],[-6.785847,41.06291],[-6.781005,41.067273],[-6.77807,41.072508],[-6.774337,41.077064],[-6.772512,41.080752],[-6.770942,41.085664],[-6.76923,41.088538],[-6.763368,41.092035],[-6.762589,41.092983],[-6.762593,41.095832],[-6.75869,41.097844],[-6.757074,41.099476],[-6.754194,41.104062],[-6.754486,41.105214],[-6.757532,41.10634],[-6.759644,41.107776],[-6.761318,41.113865],[-6.76433,41.11671],[-6.7682,41.121882],[-6.770756,41.12401],[-6.771064,41.130119],[-6.767871,41.134837],[-6.75877,41.139666],[-6.754815,41.139534],[-6.752749,41.140556],[-6.749773,41.142513],[-6.745502,41.147018],[-6.741262,41.148285],[-6.737446,41.155057],[-6.730942,41.161477],[-6.727193,41.163681],[-6.722762,41.164591],[-6.719731,41.165765],[-6.709107,41.172656],[-6.7081,41.174156],[-6.708807,41.175945],[-6.708414,41.176999],[-6.707315,41.177934],[-6.701469,41.180281],[-6.699438,41.181808],[-6.697496,41.18461],[-6.696697,41.188736],[-6.699467,41.192399],[-6.69803,41.193131],[-6.69232,41.193115],[-6.690579,41.195878],[-6.688872,41.199836],[-6.688263,41.202676],[-6.68883,41.204153],[-6.691484,41.207024],[-6.691882,41.208342],[-6.691408,41.209621],[-6.690139,41.210674],[-6.684885,41.212193],[-6.682341,41.214613],[-6.680371,41.218963],[-6.679499,41.219953],[-6.675347,41.221272],[-6.671443,41.223182],[-6.667521,41.226968],[-6.664613,41.23077],[-6.661348,41.233359],[-6.659158,41.234252],[-6.65295,41.235356],[-6.651882,41.237188],[-6.65114,41.242379],[-6.649991,41.245305],[-6.648377,41.24755],[-6.646648,41.248086],[-6.641937,41.247886],[-6.635834,41.244143],[-6.628704,41.242764],[-6.626006,41.243694],[-6.620355,41.24758],[-6.613457,41.248384],[-6.609812,41.249412],[-6.607249,41.249431],[-6.605168,41.248288],[-6.602771,41.2446],[-6.599763,41.243468],[-6.598421,41.243769],[-6.59674,41.245925],[-6.595195,41.252904],[-6.593653,41.254772],[-6.591609,41.255237],[-6.589042,41.254332],[-6.586656,41.252401],[-6.586095,41.250281],[-6.587078,41.247482],[-6.586912,41.24597],[-6.586308,41.243076],[-6.584614,41.24097],[-6.579664,41.23893],[-6.57133,41.239042],[-6.56848,41.240912],[-6.56706,41.242641],[-6.56285,41.243484],[-6.555072,41.243983],[-6.551583,41.24564],[-6.550803,41.24654],[-6.550218,41.249694],[-6.548378,41.253429],[-6.547786,41.256863],[-6.547113,41.257973],[-6.544633,41.259604],[-6.540454,41.260894],[-6.530306,41.26694],[-6.524941,41.271122],[-6.523727,41.272671],[-6.522598,41.275627],[-6.519344,41.275369],[-6.51676,41.273843],[-6.515237,41.271954],[-6.513532,41.266244],[-6.511464,41.264451],[-6.509258,41.264043],[-6.504187,41.265455],[-6.499116,41.265129],[-6.496288,41.266163],[-6.492329,41.268927],[-6.480366,41.273479],[-6.478427,41.275807],[-6.47864,41.276929],[-6.481717,41.279407],[-6.487972,41.282069],[-6.490272,41.283459],[-6.49134,41.284899],[-6.491108,41.28713],[-6.490188,41.288702],[-6.486878,41.291347],[-6.483024,41.293278],[-6.477426,41.29503],[-6.474934,41.297863],[-6.468848,41.301276],[-6.467358,41.301045],[-6.459403,41.29768],[-6.449304,41.298851],[-6.446035,41.300249],[-6.440344,41.304256],[-6.43763,41.305321],[-6.43695,41.306663],[-6.437095,41.30795],[-6.439429,41.309867],[-6.439555,41.310478],[-6.439016,41.313296],[-6.43839,41.315001],[-6.436743,41.316413],[-6.433836,41.320246],[-6.425733,41.322808],[-6.419739,41.325067],[-6.418147,41.326157],[-6.418233,41.326997],[-6.419602,41.32853],[-6.42604,41.332187],[-6.426491,41.333286],[-6.426042,41.33488],[-6.421973,41.339723],[-6.419785,41.343612],[-6.4169,41.344706],[-6.415269,41.347959],[-6.405149,41.350294],[-6.403506,41.349972],[-6.398561,41.350566],[-6.392073,41.349893],[-6.38656,41.35325],[-6.37973,41.356315],[-6.376837,41.359332],[-6.376196,41.361588],[-6.377948,41.363711],[-6.380514,41.364156],[-6.385324,41.363106],[-6.386967,41.364043],[-6.393482,41.369863],[-6.392879,41.378843],[-6.391901,41.379874],[-6.39133,41.382725],[-6.389647,41.384709],[-6.388329,41.385553],[-6.3817,41.387322],[-6.378089,41.386986],[-6.376099,41.387449],[-6.371325,41.391984],[-6.369069,41.393025],[-6.366609,41.393411],[-6.365682,41.392766],[-6.366031,41.389574],[-6.365005,41.386826],[-6.359922,41.381488],[-6.356228,41.379536],[-6.352481,41.378341],[-6.347652,41.378322],[-6.341359,41.379968],[-6.333392,41.384004],[-6.325823,41.386838],[-6.31766,41.385742],[-6.315409,41.390069],[-6.3176,41.393933],[-6.317218,41.397146],[-6.320079,41.400948],[-6.327538,41.404256],[-6.331177,41.404585],[-6.332435,41.405246],[-6.333609,41.407762],[-6.333269,41.410327],[-6.329733,41.414587],[-6.326865,41.416407],[-6.319039,41.415475],[-6.317088,41.415878],[-6.309973,41.419433],[-6.307089,41.421669],[-6.303143,41.427034],[-6.300047,41.428704],[-6.294888,41.435206],[-6.29486,41.436266],[-6.296979,41.439771],[-6.3015,41.444097],[-6.304941,41.44637],[-6.305713,41.448309],[-6.305282,41.44971],[-6.300472,41.454219],[-6.29621,41.459804],[-6.286957,41.465407],[-6.285885,41.466504],[-6.284714,41.469856],[-6.285347,41.476036],[-6.284041,41.479017],[-6.281294,41.480683],[-6.274973,41.483061],[-6.268658,41.487116],[-6.266377,41.487417],[-6.261773,41.486771],[-6.261701,41.487424],[-6.267959,41.494321],[-6.267132,41.49666],[-6.26579,41.498246],[-6.264273,41.498813],[-6.257961,41.4972],[-6.255822,41.497137],[-6.253626,41.497958],[-6.250989,41.500197],[-6.250682,41.50088],[-6.251132,41.501723],[-6.253295,41.504597],[-6.254718,41.507593],[-6.257995,41.511928],[-6.258189,41.513104],[-6.257751,41.514111],[-6.254474,41.515248],[-6.245831,41.515849],[-6.242607,41.519199],[-6.236943,41.521357],[-6.234264,41.525644],[-6.229986,41.530153],[-6.226596,41.534653],[-6.220711,41.538722],[-6.219354,41.54149],[-6.217465,41.54275],[-6.216647,41.546982],[-6.217342,41.550487],[-6.213084,41.556132],[-6.211742,41.55915],[-6.203944,41.565082],[-6.201283,41.568237],[-6.198737,41.5691],[-6.192559,41.5733],[-6.189159,41.574832],[-6.194386,41.581561],[-6.196009,41.584601],[-6.196958,41.589504],[-6.199288,41.592491],[-6.205448,41.597388],[-6.208712,41.59913],[-6.214822,41.599474],[-6.22346,41.602181],[-6.230088,41.603671],[-6.231371,41.604976],[-6.235806,41.607057],[-6.236905,41.609192],[-6.243516,41.618053],[-6.244952,41.62083],[-6.254458,41.632999],[-6.259625,41.636758],[-6.262207,41.637769],[-6.264319,41.640263],[-6.276731,41.647045],[-6.282982,41.652362],[-6.289082,41.655827],[-6.302297,41.661812],[-6.323021,41.666958],[-6.342939,41.67356],[-6.354667,41.676405],[-6.374528,41.67375],[-6.390126,41.676668],[-6.396011,41.677205],[-6.402193,41.679062],[-6.40604,41.680904],[-6.410128,41.680399],[-6.411311,41.678561],[-6.415662,41.678534],[-6.420513,41.679979],[-6.423532,41.679267],[-6.425628,41.67945],[-6.434349,41.682113],[-6.436259,41.680719],[-6.440553,41.68441],[-6.445018,41.684771],[-6.44793,41.684108],[-6.452363,41.68091],[-6.452522,41.675452],[-6.457362,41.666598],[-6.469386,41.666247],[-6.475479,41.663913],[-6.480068,41.660689],[-6.488727,41.657519],[-6.493466,41.657007],[-6.497059,41.65754],[-6.498388,41.657019],[-6.512555,41.661224],[-6.517013,41.665466],[-6.519039,41.668914],[-6.526365,41.673105],[-6.527651,41.675277],[-6.534316,41.676613],[-6.541765,41.680526],[-6.548274,41.685595],[-6.553789,41.693267],[-6.552968,41.695388],[-6.554635,41.696814],[-6.554964,41.698612],[-6.554129,41.701334],[-6.551697,41.702417],[-6.549542,41.702301],[-6.547239,41.699772],[-6.545316,41.698635],[-6.543324,41.69973],[-6.542485,41.701154],[-6.542654,41.703357],[-6.543142,41.704053],[-6.544487,41.704439],[-6.546309,41.703948],[-6.547089,41.704204],[-6.546089,41.707791],[-6.54941,41.710312],[-6.550177,41.71155],[-6.549947,41.712264],[-6.548316,41.712804],[-6.548667,41.714319],[-6.551388,41.716291],[-6.552733,41.716265],[-6.553715,41.716814],[-6.553884,41.717498],[-6.553412,41.717982],[-6.550509,41.717942],[-6.550102,41.718649],[-6.554962,41.720965],[-6.552284,41.723466],[-6.549258,41.724527],[-6.548851,41.725482],[-6.549436,41.726098],[-6.551757,41.72647],[-6.553066,41.725714],[-6.553538,41.724861],[-6.555278,41.725196],[-6.556832,41.727189],[-6.557267,41.733423],[-6.557747,41.734514],[-6.555978,41.737459],[-6.556746,41.738431],[-6.559179,41.738418],[-6.561417,41.741771],[-6.566564,41.741698],[-6.568215,41.742582],[-6.568898,41.743598],[-6.567188,41.748207],[-6.564767,41.750569],[-6.564689,41.751502],[-6.558266,41.753422],[-6.555182,41.757461],[-6.554475,41.760641],[-6.555754,41.763926],[-6.555144,41.767246],[-6.554134,41.769242],[-6.550109,41.773006],[-6.54965,41.776864],[-6.545483,41.777631],[-6.543602,41.778499],[-6.544796,41.779539],[-6.547177,41.780017],[-6.545515,41.783024],[-6.543806,41.783887],[-6.544087,41.784972],[-6.543462,41.789152],[-6.543826,41.790449],[-6.546816,41.793885],[-6.547064,41.794964],[-6.546384,41.795531],[-6.542991,41.796444],[-6.54275,41.797412],[-6.543761,41.799442],[-6.543262,41.800337],[-6.539085,41.801334],[-6.539229,41.801993],[-6.542467,41.80437],[-6.542799,41.805558],[-6.540834,41.806414],[-6.538611,41.806143],[-6.53716,41.807494],[-6.537148,41.808644],[-6.539043,41.811618],[-6.538662,41.812694],[-6.536966,41.813331],[-6.534592,41.812875],[-6.533344,41.813966],[-6.533116,41.815609],[-6.535669,41.816868],[-6.535855,41.818071],[-6.532322,41.819902],[-6.528328,41.820081],[-6.527417,41.820785],[-6.527897,41.821645],[-6.531551,41.822576],[-6.53161,41.823983],[-6.529567,41.827737],[-6.528524,41.827772],[-6.528359,41.828212],[-6.53034,41.828762],[-6.528708,41.830784],[-6.532015,41.833088],[-6.532269,41.835373],[-6.530053,41.839935],[-6.527994,41.84193],[-6.52607,41.843035],[-6.528359,41.846882],[-6.527504,41.849819],[-6.526409,41.851192],[-6.523741,41.852078],[-6.522393,41.854063],[-6.523114,41.857136],[-6.52567,41.85917],[-6.525724,41.860122],[-6.520085,41.864765],[-6.519366,41.866386],[-6.515915,41.869899],[-6.515514,41.871659],[-6.516175,41.872103],[-6.51764,41.875088],[-6.537819,41.876726],[-6.544885,41.878439],[-6.555144,41.879528],[-6.571179,41.883496],[-6.56961,41.887133],[-6.566353,41.891829],[-6.565934,41.894016],[-6.561337,41.895943],[-6.556923,41.90739],[-6.557705,41.910354],[-6.552995,41.917965],[-6.548783,41.923357],[-6.548661,41.923818],[-6.550172,41.926057],[-6.549426,41.92637],[-6.549492,41.927081],[-6.548069,41.927211],[-6.547588,41.927698],[-6.549931,41.92928],[-6.547173,41.929972],[-6.545965,41.930792],[-6.546512,41.939456],[-6.549395,41.944543],[-6.555629,41.948032],[-6.57016,41.958064],[-6.574922,41.960847],[-6.57882,41.96169],[-6.584764,41.966335],[-6.588307,41.967566],[-6.589177,41.962926],[-6.599459,41.948303],[-6.602418,41.947736],[-6.604021,41.948453],[-6.60744,41.948972],[-6.609754,41.948106],[-6.613584,41.946381],[-6.614072,41.945381],[-6.615191,41.94497],[-6.616708,41.943291],[-6.616476,41.941981],[-6.617303,41.941061],[-6.621386,41.939737],[-6.625468,41.939752],[-6.628239,41.940686],[-6.635758,41.942051],[-6.672816,41.937163],[-6.685961,41.934893],[-6.700006,41.933315],[-6.714459,41.937578],[-6.714856,41.937747],[-6.714408,41.938338],[-6.714838,41.938831],[-6.718814,41.937696],[-6.721753,41.938357],[-6.724805,41.937138],[-6.726227,41.937033],[-6.730392,41.938698],[-6.743608,41.941122],[-6.750582,41.943646],[-6.754298,41.950283],[-6.757299,41.957262],[-6.758524,41.958429],[-6.758866,41.960736],[-6.76263,41.96604],[-6.767363,41.974699],[-6.768686,41.98409],[-6.777531,41.987064],[-6.785547,41.988739],[-6.797898,41.988596],[-6.811348,41.992521],[-6.810372,41.981028],[-6.810016,41.969542],[-6.81366,41.963011],[-6.821607,41.946005],[-6.830548,41.943493],[-6.833684,41.944327],[-6.84886,41.942393],[-6.86023,41.946717],[-6.869532,41.948458],[-6.874736,41.943828],[-6.878944,41.943023],[-6.88508,41.940309],[-6.88783,41.940607],[-6.893253,41.939857],[-6.898063,41.940734],[-6.900014,41.942087],[-6.903638,41.941433],[-6.91146,41.944113],[-6.917695,41.943513],[-6.919443,41.944265],[-6.925889,41.943922],[-6.928375,41.94511],[-6.929064,41.944854],[-6.931002,41.945969],[-6.933085,41.946372],[-6.935026,41.946304],[-6.941518,41.943882],[-6.944305,41.944658],[-6.947316,41.949918],[-6.947209,41.951031],[-6.948463,41.95118],[-6.950338,41.953833],[-6.952047,41.959443],[-6.957806,41.968938],[-6.968694,41.972037],[-6.979365,41.973783],[-6.98296,41.973359],[-6.988002,41.969503],[-6.989247,41.967949],[-6.998785,41.962846],[-7.000474,41.960633],[-7.000441,41.959027],[-7.004055,41.954053],[-7.005534,41.953097],[-7.006204,41.950574],[-7.010821,41.949382],[-7.013204,41.950202],[-7.025658,41.950169],[-7.030951,41.951075],[-7.036414,41.951082],[-7.041587,41.953324],[-7.041436,41.953911],[-7.042219,41.954216],[-7.042004,41.954877],[-7.043059,41.955043],[-7.046122,41.954585],[-7.046089,41.953366],[-7.04932,41.951967],[-7.049072,41.950749],[-7.051214,41.949525],[-7.053742,41.94908],[-7.057568,41.949318],[-7.062372,41.950502],[-7.065391,41.948919],[-7.071939,41.949652],[-7.073442,41.950002],[-7.076956,41.951937],[-7.080678,41.957452],[-7.084605,41.964055],[-7.085345,41.969096],[-7.08751,41.973477],[-7.09954,41.97868],[-7.111145,41.982118],[-7.115223,41.983986],[-7.118996,41.986587],[-7.12668,41.987895],[-7.133106,41.988038],[-7.13606,41.989503],[-7.141459,41.990758],[-7.151934,41.986608],[-7.153204,41.984496],[-7.154424,41.98],[-7.155452,41.978881],[-7.156805,41.97835],[-7.157054,41.977448],[-7.158414,41.976194],[-7.161684,41.977398],[-7.164907,41.979625],[-7.178213,41.980091],[-7.179773,41.979253],[-7.181318,41.977509],[-7.182149,41.974991],[-7.184313,41.972719],[-7.185435,41.972324],[-7.185077,41.971583],[-7.186567,41.9697],[-7.186906,41.96633],[-7.185106,41.962637],[-7.185351,41.95988],[-7.187463,41.957856],[-7.18777,41.956753],[-7.185866,41.955971],[-7.184327,41.956769],[-7.183337,41.95675],[-7.183275,41.953779],[-7.182277,41.952764],[-7.182155,41.951839],[-7.183817,41.950574],[-7.184795,41.949124],[-7.187461,41.947468],[-7.187232,41.946505],[-7.184023,41.945195],[-7.183777,41.944709],[-7.186279,41.943016],[-7.189091,41.942344],[-7.189499,41.941581],[-7.18711,41.941533],[-7.185747,41.939145],[-7.185838,41.937896],[-7.18331,41.937704],[-7.185231,41.935368],[-7.183851,41.933014],[-7.180002,41.931663],[-7.179966,41.929106],[-7.178138,41.92663],[-7.178286,41.92531],[-7.177044,41.924925],[-7.17561,41.922834],[-7.178264,41.922206],[-7.178965,41.921662],[-7.178763,41.921031],[-7.178127,41.920567],[-7.174932,41.92051],[-7.173492,41.919102],[-7.176851,41.91633],[-7.178706,41.91576],[-7.179254,41.913993],[-7.182016,41.912866],[-7.182269,41.911789],[-7.181613,41.908421],[-7.183946,41.903699],[-7.185188,41.896446],[-7.190273,41.888163],[-7.196738,41.879979],[-7.204937,41.878993],[-7.207041,41.879069],[-7.208342,41.88001],[-7.21369,41.877559],[-7.214961,41.87587],[-7.219569,41.872827],[-7.223209,41.871891],[-7.229141,41.869143],[-7.231162,41.868689],[-7.231482,41.867496],[-7.23198,41.867354],[-7.233062,41.867299],[-7.236936,41.868716],[-7.239141,41.868256],[-7.240328,41.867327],[-7.241768,41.868389],[-7.245055,41.868806],[-7.249671,41.867194],[-7.252288,41.866941],[-7.253437,41.866245],[-7.257816,41.865927],[-7.258464,41.864546],[-7.262245,41.862803],[-7.267481,41.861554],[-7.272018,41.85963],[-7.27793,41.856377],[-7.280166,41.854353],[-7.283838,41.852215],[-7.300987,41.851576],[-7.303593,41.848674],[-7.304095,41.848848],[-7.305154,41.847276],[-7.308439,41.846477],[-7.31074,41.844206],[-7.313974,41.843599],[-7.315315,41.842545],[-7.321618,41.844243],[-7.331977,41.844099],[-7.334906,41.845148],[-7.341214,41.844258],[-7.356444,41.84053],[-7.363913,41.852838],[-7.365788,41.852787],[-7.368655,41.850716],[-7.368517,41.849471],[-7.369644,41.848783],[-7.372667,41.849023],[-7.375479,41.846781],[-7.376799,41.846607],[-7.385493,41.842728],[-7.386256,41.841254],[-7.39041,41.842348],[-7.390155,41.838599],[-7.391758,41.836705],[-7.391638,41.834983],[-7.394855,41.833236],[-7.395702,41.831833],[-7.395177,41.829525],[-7.397521,41.827178],[-7.397588,41.826373],[-7.401001,41.826141],[-7.402616,41.825457],[-7.403047,41.824027],[-7.402738,41.821844],[-7.404015,41.821169],[-7.408833,41.816724],[-7.412039,41.815763],[-7.415751,41.813544],[-7.416357,41.811609],[-7.421134,41.81133],[-7.426091,41.808716],[-7.427636,41.807367],[-7.428168,41.807399],[-7.42808,41.808672],[-7.428484,41.810028],[-7.429607,41.81133],[-7.429526,41.812414],[-7.427918,41.81434],[-7.425032,41.815892],[-7.424713,41.816466],[-7.425038,41.817473],[-7.428677,41.81963],[-7.430586,41.821379],[-7.430915,41.822898],[-7.430299,41.824823],[-7.427409,41.825325],[-7.42639,41.826312],[-7.425653,41.828123],[-7.425844,41.830225],[-7.427383,41.832052],[-7.4272,41.833074],[-7.428441,41.832766],[-7.433826,41.834797],[-7.439681,41.838693],[-7.443751,41.839371],[-7.447551,41.844882],[-7.447971,41.84949],[-7.448843,41.852821],[-7.447603,41.855353],[-7.445616,41.857784],[-7.450314,41.863254],[-7.452499,41.865082],[-7.459649,41.863719],[-7.46594,41.863434],[-7.474213,41.863755],[-7.485272,41.861291],[-7.486726,41.862846],[-7.490844,41.869258],[-7.491292,41.871245],[-7.502225,41.869384],[-7.507277,41.866627],[-7.511361,41.865321],[-7.513312,41.862117],[-7.511041,41.858074],[-7.50761,41.855594],[-7.506572,41.851659],[-7.505642,41.850779],[-7.510451,41.848382],[-7.511286,41.846643],[-7.512161,41.846742],[-7.513953,41.845661],[-7.516462,41.845037],[-7.517725,41.843789],[-7.518992,41.843988],[-7.519966,41.84355],[-7.521053,41.841966],[-7.534501,41.838365],[-7.538544,41.836583],[-7.53933,41.837319],[-7.540608,41.837532],[-7.542073,41.837235],[-7.542274,41.836781],[-7.544065,41.836786],[-7.544161,41.835383],[-7.546956,41.835977],[-7.549108,41.835795],[-7.550883,41.833703],[-7.558997,41.834396],[-7.566268,41.832926],[-7.573912,41.82972],[-7.575776,41.830655],[-7.58877,41.831493],[-7.593174,41.832803],[-7.59878,41.833125],[-7.611456,41.829178],[-7.613901,41.829695],[-7.614473,41.83048],[-7.614734,41.832616],[-7.613798,41.835627],[-7.614322,41.836775],[-7.613229,41.837803],[-7.613393,41.838648],[-7.61264,41.839502],[-7.612731,41.840119],[-7.611942,41.840567],[-7.612527,41.841297],[-7.611547,41.846707],[-7.610691,41.847127],[-7.609666,41.848733],[-7.606097,41.848717],[-7.607211,41.852621],[-7.603217,41.858453],[-7.601575,41.859887],[-7.600674,41.859734],[-7.600144,41.86043],[-7.599393,41.86468],[-7.601684,41.865844],[-7.601852,41.866545],[-7.600652,41.867089],[-7.600022,41.868125],[-7.598361,41.869314],[-7.596325,41.869206],[-7.595539,41.869952],[-7.593918,41.87014],[-7.592456,41.869861],[-7.590472,41.871338],[-7.589344,41.871116],[-7.58865,41.873525],[-7.58409,41.875678],[-7.584037,41.877144],[-7.583302,41.878667],[-7.585873,41.881871],[-7.586701,41.880899],[-7.586716,41.879686],[-7.587267,41.879454],[-7.59149,41.88068],[-7.596202,41.879768],[-7.607595,41.879482],[-7.612393,41.881323],[-7.612909,41.882441],[-7.615616,41.884586],[-7.61841,41.88509],[-7.625424,41.879901],[-7.632608,41.87945],[-7.643405,41.880659],[-7.653871,41.881199],[-7.656535,41.882128],[-7.663492,41.886466],[-7.664178,41.887542],[-7.665406,41.887797],[-7.665835,41.888847],[-7.666982,41.889299],[-7.667242,41.890619],[-7.668302,41.892097],[-7.668221,41.893309],[-7.67089,41.893532],[-7.673079,41.892892],[-7.675607,41.893426],[-7.678141,41.893238],[-7.679483,41.894729],[-7.680782,41.895046],[-7.682505,41.896301],[-7.687819,41.902185],[-7.695765,41.905967],[-7.697306,41.907207],[-7.700851,41.907666],[-7.704142,41.90734],[-7.722124,41.900446],[-7.733354,41.892277],[-7.745017,41.89307],[-7.749785,41.894846],[-7.753231,41.898224],[-7.7566,41.898974],[-7.763505,41.899004],[-7.764844,41.89726],[-7.770943,41.893558],[-7.773003,41.891195],[-7.778361,41.886878],[-7.783695,41.885622],[-7.786931,41.884094],[-7.792137,41.882967],[-7.800427,41.883186],[-7.802435,41.881971],[-7.839692,41.881042],[-7.845188,41.881279],[-7.843464,41.875685],[-7.844128,41.873726],[-7.843032,41.872677],[-7.841518,41.866475],[-7.849453,41.861671],[-7.858437,41.862643],[-7.858999,41.860551],[-7.865055,41.859506],[-7.866317,41.858877],[-7.868491,41.85645],[-7.868796,41.854303],[-7.869634,41.854026],[-7.870434,41.851755],[-7.871918,41.850078],[-7.872886,41.846607],[-7.872805,41.844855],[-7.874661,41.845693],[-7.874669,41.847055],[-7.876757,41.849122],[-7.876929,41.850144],[-7.879373,41.852779],[-7.879117,41.854064],[-7.880805,41.854815],[-7.881633,41.856109],[-7.883063,41.85672],[-7.884717,41.856762],[-7.887922,41.855606],[-7.888255,41.856554],[-7.890124,41.857364],[-7.892212,41.859511],[-7.892242,41.860189],[-7.890965,41.861393],[-7.890495,41.862952],[-7.888233,41.866077],[-7.888025,41.868724],[-7.88844,41.869737],[-7.886834,41.871689],[-7.884778,41.88092],[-7.884431,41.889053],[-7.885324,41.896042],[-7.88726,41.903268],[-7.887405,41.90731],[-7.885176,41.91504],[-7.883719,41.91838],[-7.884689,41.924316],[-7.887961,41.926785],[-7.90308,41.926434],[-7.906343,41.927096],[-7.909749,41.922458],[-7.910853,41.914017],[-7.910088,41.907345],[-7.913168,41.898648],[-7.915755,41.894743],[-7.921304,41.881814],[-7.919692,41.880193],[-7.921252,41.877791],[-7.925313,41.878221],[-7.928489,41.877843],[-7.937735,41.875224],[-7.944126,41.871571],[-7.948842,41.87101],[-7.956077,41.873229],[-7.956726,41.875223],[-7.958147,41.875472],[-7.959322,41.874777],[-7.961055,41.875572],[-7.961985,41.87417],[-7.964945,41.875011],[-7.969219,41.874385],[-7.971495,41.876369],[-7.972197,41.875289],[-7.974566,41.87531],[-7.978375,41.872586],[-7.982162,41.871781],[-7.982487,41.871177],[-7.985167,41.870018],[-7.985294,41.869548],[-7.987692,41.869216],[-7.988667,41.867518],[-7.989915,41.862548],[-7.990264,41.860426],[-7.989395,41.859512],[-7.992429,41.858902],[-7.992462,41.85838],[-7.9956,41.857991],[-7.994908,41.857396],[-7.994407,41.855516],[-7.994869,41.85341],[-7.997997,41.851089],[-8.002993,41.85033],[-8.004299,41.847828],[-8.005976,41.84706],[-8.005802,41.844614],[-8.007615,41.843066],[-8.007843,41.840615],[-8.008715,41.838352],[-8.010456,41.837205],[-8.011247,41.834645],[-8.012171,41.834619],[-8.013149,41.82949],[-8.014058,41.828992],[-8.014834,41.830314],[-8.018631,41.831231],[-8.019364,41.832072],[-8.022629,41.830753],[-8.024633,41.830392],[-8.025435,41.830982],[-8.025524,41.830258],[-8.0301,41.829567],[-8.033698,41.830286],[-8.038677,41.829959],[-8.039527,41.829526],[-8.039771,41.828064],[-8.041578,41.82782],[-8.041198,41.827212],[-8.041335,41.825189],[-8.042383,41.824459],[-8.045709,41.824141],[-8.045531,41.823728],[-8.046668,41.822836],[-8.046873,41.821862],[-8.049117,41.8213],[-8.050838,41.819416],[-8.053427,41.820631],[-8.053195,41.820229],[-8.055189,41.81679],[-8.057657,41.815717],[-8.062682,41.816139],[-8.06357,41.816361],[-8.064082,41.817118],[-8.065503,41.817439],[-8.066846,41.816781],[-8.067795,41.815664],[-8.068908,41.816113],[-8.069893,41.815855],[-8.070673,41.814403],[-8.072332,41.814233],[-8.073446,41.813169],[-8.07889,41.813614],[-8.079078,41.812516],[-8.082118,41.811696],[-8.083927,41.810651],[-8.086347,41.81124],[-8.086058,41.811891],[-8.087288,41.812866],[-8.087709,41.812389],[-8.090419,41.812389],[-8.093286,41.811125],[-8.093917,41.808035],[-8.099418,41.809554],[-8.099752,41.810508],[-8.100851,41.810659],[-8.101768,41.809814],[-8.104547,41.811788],[-8.115025,41.811704],[-8.116649,41.812659],[-8.11928,41.811517],[-8.121014,41.811376],[-8.121819,41.810252],[-8.124395,41.808624],[-8.130903,41.808861],[-8.147432,41.814741],[-8.154333,41.817982],[-8.165013,41.818113],[-8.163435,41.831645],[-8.161772,41.860975],[-8.166385,41.86236],[-8.166171,41.864435],[-8.168512,41.870818],[-8.169303,41.876528],[-8.171721,41.879092],[-8.173685,41.878662],[-8.177917,41.876622],[-8.181372,41.876524],[-8.182877,41.875009],[-8.192521,41.876619],[-8.19537,41.875042],[-8.200018,41.8737],[-8.20098,41.875569],[-8.200739,41.878196],[-8.200468,41.878855],[-8.19796,41.879515],[-8.200518,41.882757],[-8.20018,41.884379],[-8.201292,41.888111],[-8.204231,41.890648],[-8.205488,41.893654],[-8.2129,41.897562],[-8.215275,41.898236],[-8.215434,41.898793],[-8.214284,41.901193],[-8.216822,41.905279],[-8.216936,41.906376],[-8.215853,41.908015],[-8.216624,41.910126],[-8.216899,41.913155],[-8.211977,41.918592],[-8.211216,41.921844],[-8.210279,41.923582],[-8.207811,41.924041],[-8.204362,41.926976],[-8.203436,41.929082],[-8.202367,41.929863],[-8.202564,41.932403],[-8.197775,41.937545],[-8.197886,41.939534],[-8.196279,41.940214],[-8.193869,41.942662],[-8.191789,41.943439],[-8.189091,41.947543],[-8.186693,41.948147],[-8.184086,41.95041],[-8.180681,41.952151],[-8.180132,41.953683],[-8.174967,41.954952],[-8.176246,41.958882],[-8.174668,41.960034],[-8.174162,41.962043],[-8.173646,41.962422],[-8.169508,41.963039],[-8.169255,41.966201],[-8.166885,41.968047],[-8.162834,41.975638],[-8.163536,41.978475],[-8.163019,41.982692],[-8.143393,41.9875],[-8.14076,41.988678],[-8.13035,42.003571],[-8.127876,42.00556],[-8.124719,42.006624],[-8.11503,42.004863],[-8.110352,42.007301],[-8.099677,42.009338],[-8.093139,42.011763],[-8.086035,42.016492],[-8.082765,42.028245],[-8.083495,42.033078],[-8.084455,42.047334],[-8.0872,42.053541],[-8.088178,42.057588],[-8.089864,42.060525],[-8.093201,42.064631],[-8.096601,42.072257],[-8.105888,42.075921],[-8.118701,42.082307],[-8.121474,42.082785],[-8.123494,42.081165],[-8.13797,42.075792],[-8.149645,42.079316],[-8.159625,42.075771],[-8.164743,42.072343],[-8.17038,42.067307],[-8.175458,42.065321],[-8.180048,42.065536],[-8.182171,42.065109],[-8.184364,42.068262],[-8.18397,42.069084],[-8.184957,42.069711],[-8.184817,42.070237],[-8.18615,42.072585],[-8.188088,42.073864],[-8.187961,42.07441],[-8.185406,42.076389],[-8.186522,42.081412],[-8.18523,42.082576],[-8.184942,42.083752],[-8.186793,42.087447],[-8.18633,42.09015],[-8.187918,42.092386],[-8.185886,42.098217],[-8.186726,42.099344],[-8.186949,42.102311],[-8.187964,42.103547],[-8.187727,42.104732],[-8.188248,42.106288],[-8.188016,42.107031],[-8.188649,42.107943],[-8.188784,42.111211],[-8.19015,42.112397],[-8.190426,42.113408],[-8.191872,42.114503],[-8.191504,42.115258],[-8.192063,42.116165],[-8.191122,42.118182],[-8.192461,42.12012],[-8.193294,42.126174],[-8.193508,42.129132],[-8.193119,42.130134],[-8.188543,42.133873],[-8.189609,42.135186],[-8.18793,42.136629],[-8.187668,42.137464],[-8.188535,42.13826],[-8.190392,42.13887],[-8.190187,42.139604],[-8.190848,42.140163],[-8.188005,42.14355],[-8.1893,42.143798],[-8.190567,42.142717],[-8.191521,42.142755],[-8.191245,42.143576],[-8.193144,42.145801],[-8.193361,42.146908],[-8.194669,42.147382],[-8.195388,42.1482],[-8.195398,42.15091],[-8.196341,42.151818],[-8.196381,42.152724],[-8.198753,42.154311],[-8.201404,42.152924],[-8.200341,42.148828],[-8.206615,42.141017],[-8.209535,42.139895],[-8.213611,42.139683],[-8.217889,42.138641],[-8.221924,42.134072],[-8.225718,42.132867],[-8.230807,42.132906],[-8.233408,42.133789],[-8.237642,42.136725],[-8.238362,42.138106],[-8.24013,42.139095],[-8.24552,42.139774],[-8.247927,42.138487],[-8.253635,42.136684],[-8.254809,42.135239],[-8.2561,42.134641],[-8.256764,42.132487],[-8.255708,42.12951],[-8.25571,42.126727],[-8.257391,42.123102],[-8.259119,42.121326],[-8.263064,42.120877],[-8.265687,42.121608],[-8.267966,42.123278],[-8.269668,42.123334],[-8.27207,42.124173],[-8.273656,42.124072],[-8.279108,42.120811],[-8.280679,42.11933],[-8.289126,42.114468],[-8.290717,42.111873],[-8.292519,42.110947],[-8.294893,42.111121],[-8.295304,42.109098],[-8.296286,42.107826],[-8.303902,42.103878],[-8.313426,42.10296],[-8.316073,42.104501],[-8.317116,42.104505],[-8.319381,42.102128],[-8.322368,42.10172],[-8.323445,42.100712],[-8.32487,42.096633],[-8.324201,42.091936],[-8.32526,42.089518],[-8.328727,42.087013],[-8.331891,42.083835],[-8.335317,42.083743],[-8.342723,42.084726],[-8.346381,42.086205],[-8.348636,42.087998],[-8.35117,42.088229],[-8.353346,42.089773],[-8.356599,42.090267],[-8.36018,42.089667],[-8.363148,42.090438],[-8.367551,42.088634],[-8.371035,42.088307],[-8.371937,42.086221],[-8.375057,42.084316],[-8.376314,42.081217],[-8.381643,42.076346],[-8.384186,42.077014],[-8.390664,42.075164],[-8.392985,42.079986],[-8.40484,42.080435],[-8.408458,42.078102],[-8.414801,42.076049],[-8.419466,42.073114],[-8.425289,42.072452],[-8.427694,42.072803],[-8.428942,42.072287],[-8.431661,42.073188],[-8.434196,42.077417],[-8.437024,42.078711],[-8.43978,42.08141],[-8.443015,42.082381],[-8.451182,42.082687],[-8.460301,42.081335],[-8.47225,42.081385],[-8.478261,42.080644],[-8.486087,42.081907],[-8.491589,42.080788],[-8.497748,42.078586],[-8.503675,42.077664],[-8.510479,42.077962],[-8.515985,42.079304],[-8.519815,42.079549],[-8.52642,42.077049],[-8.528171,42.074686],[-8.528288,42.072649],[-8.526244,42.069377],[-8.526259,42.067328],[-8.525445,42.065193],[-8.525408,42.063724],[-8.526386,42.062461],[-8.529076,42.060611],[-8.546049,42.054185],[-8.559302,42.052563],[-8.572281,42.0529],[-8.581238,42.05187],[-8.586548,42.052606],[-8.591973,42.056361],[-8.595356,42.056872],[-8.600944,42.054583],[-8.62203,42.051966],[-8.631688,42.049562],[-8.636781,42.047487],[-8.63988,42.045601],[-8.641862,42.043452],[-8.642576,42.041142],[-8.643742,42.039464],[-8.646439,42.036514],[-8.650011,42.034653],[-8.654024,42.03334],[-8.656339,42.031676],[-8.657621,42.030102],[-8.659163,42.025445],[-8.657381,42.020792],[-8.657324,42.018433],[-8.66045,42.005293],[-8.662184,42.002549],[-8.670357,41.999114],[-8.677317,41.992071],[-8.678666,41.991327],[-8.681907,41.990579],[-8.686911,41.990528],[-8.688709,41.99006],[-8.695983,41.985025],[-8.698688,41.983766],[-8.716136,41.980156],[-8.732729,41.972692],[-8.744186,41.965862],[-8.745968,41.964545],[-8.748548,41.960792],[-8.748798,41.959136],[-8.748235,41.955822],[-8.746607,41.950349],[-8.748232,41.941876],[-8.756282,41.933129],[-8.757913,41.931972],[-8.769908,41.926488],[-8.785888,41.917314],[-8.793743,41.915005],[-8.79946,41.915236],[-8.804994,41.91484],[-8.818381,41.911286],[-8.821283,41.909184],[-8.824614,41.905921],[-8.826402,41.903296],[-8.82708,41.900446],[-8.828261,41.899048],[-8.84895,41.879496],[-8.852533,41.875237],[-8.857553,41.872757],[-8.86536,41.870192],[-8.87153,41.863901],[-8.867657,41.855367],[-8.867364,41.84926],[-8.868913,41.844973],[-8.872864,41.843838],[-8.87495,41.84205],[-8.876086,41.840367],[-8.876572,41.836621],[-8.87626,41.83276],[-8.876935,41.829794],[-8.876352,41.828436],[-8.873776,41.827579],[-8.87336,41.82701],[-8.873349,41.825832],[-8.874364,41.824665],[-8.874846,41.823189],[-8.873712,41.822157],[-8.874054,41.820308],[-8.872495,41.819038],[-8.872818,41.817929],[-8.871664,41.818151],[-8.872095,41.816923],[-8.87152,41.817114],[-8.871382,41.816128],[-8.870124,41.815861],[-8.870665,41.81523],[-8.87063,41.8134],[-8.866708,41.814321],[-8.86445,41.812805],[-8.865095,41.812133],[-8.86554,41.809005],[-8.866519,41.806617],[-8.868317,41.803495],[-8.869861,41.801941],[-8.870874,41.801697],[-8.871224,41.800488],[-8.873155,41.800009],[-8.873747,41.798724],[-8.87526,41.797789],[-8.873409,41.797096],[-8.874284,41.795688],[-8.873039,41.79411],[-8.872931,41.79235],[-8.871829,41.79056],[-8.871926,41.786384],[-8.872512,41.784801],[-8.871599,41.781256],[-8.871702,41.778256],[-8.872788,41.773684],[-8.875281,41.768767],[-8.876954,41.767533],[-8.876837,41.766345],[-8.878721,41.762161],[-8.877869,41.758653],[-8.878145,41.756475],[-8.878721,41.75554],[-8.879837,41.754987],[-8.881058,41.752693],[-8.879672,41.748518],[-8.878545,41.748131],[-8.877926,41.747352],[-8.87784,41.744079],[-8.878264,41.742719],[-8.875403,41.739463],[-8.87515,41.736502],[-8.873571,41.735358],[-8.873917,41.734446],[-8.871716,41.730618],[-8.872383,41.730303],[-8.872574,41.728528],[-8.871954,41.726605],[-8.870572,41.726997],[-8.869263,41.726214],[-8.867055,41.722572],[-8.867344,41.720929],[-8.866562,41.719831],[-8.865893,41.717364],[-8.864706,41.716855],[-8.863387,41.712588],[-8.861755,41.712037],[-8.861621,41.70913],[-8.860606,41.708072],[-8.859773,41.705116],[-8.857658,41.70221],[-8.856859,41.700025],[-8.856086,41.699285],[-8.855192,41.69976],[-8.852751,41.699076],[-8.850453,41.69577],[-8.850154,41.693978],[-8.85084,41.69341],[-8.84969,41.693624],[-8.848921,41.692685],[-8.846747,41.67994],[-8.844451,41.673983],[-8.843958,41.674318],[-8.846084,41.679014],[-8.846559,41.681715],[-8.843994,41.683224],[-8.841344,41.683891],[-8.83977,41.683703],[-8.838729,41.68336],[-8.83637,41.680462],[-8.837487,41.6777],[-8.836191,41.679916],[-8.833105,41.679261],[-8.83157,41.678441],[-8.829161,41.676525],[-8.825809,41.670429],[-8.825111,41.665869],[-8.825248,41.66246],[-8.826003,41.657998],[-8.826258,41.652489],[-8.827361,41.649703],[-8.824798,41.645041],[-8.824776,41.643231],[-8.82192,41.639693],[-8.821311,41.637653],[-8.82001,41.63564],[-8.819999,41.630224],[-8.821859,41.629823],[-8.822316,41.628845],[-8.821811,41.627955],[-8.821822,41.628819],[-8.820006,41.628524],[-8.819452,41.626477],[-8.81884,41.626471],[-8.816405,41.62324],[-8.815764,41.623182],[-8.814145,41.620675],[-8.813715,41.619816],[-8.813974,41.619448],[-8.813542,41.619518],[-8.812813,41.61788],[-8.812882,41.616411],[-8.811673,41.61431],[-8.811514,41.611198],[-8.808547,41.606237],[-8.807913,41.603896],[-8.807734,41.597288],[-8.805981,41.591958],[-8.806395,41.587941],[-8.805651,41.58401],[-8.804575,41.581426],[-8.802219,41.578719],[-8.801763,41.57506],[-8.799615,41.573114],[-8.799051,41.571623],[-8.798879,41.56817],[-8.79945,41.565899],[-8.79889,41.564803],[-8.798993,41.563737],[-8.799678,41.563665],[-8.798066,41.56254],[-8.798263,41.561732],[-8.79755,41.561289],[-8.795495,41.557274],[-8.795713,41.556031],[-8.793636,41.55016],[-8.793384,41.548502],[-8.793867,41.542652],[-8.793507,41.542068],[-8.794069,41.541402],[-8.79203,41.541541],[-8.793496,41.53959],[-8.792865,41.539384],[-8.791467,41.537229],[-8.791593,41.535638],[-8.790794,41.533158],[-8.792431,41.530262],[-8.792748,41.527029],[-8.792313,41.525384],[-8.793796,41.524413],[-8.792195,41.52493],[-8.791,41.52364],[-8.789267,41.519935],[-8.788525,41.517071],[-8.788839,41.515607],[-8.7896,41.515388],[-8.787618,41.515276],[-8.78702,41.514091],[-8.787931,41.508371],[-8.791258,41.501385],[-8.789849,41.501079],[-8.787893,41.498945],[-8.785945,41.495101],[-8.786133,41.492989],[-8.784888,41.489557],[-8.780053,41.485148],[-8.778735,41.482229],[-8.777179,41.481064],[-8.776415,41.477999],[-8.776428,41.471972],[-8.775329,41.469389],[-8.77581,41.465069],[-8.777844,41.458345],[-8.77814,41.450865],[-8.780136,41.441271],[-8.784352,41.433356],[-8.783993,41.425722],[-8.785372,41.420256],[-8.786943,41.417367],[-8.787904,41.416591],[-8.788256,41.414087],[-8.787275,41.413234],[-8.788038,41.41258],[-8.786025,41.411882],[-8.784588,41.410174],[-8.783644,41.409735],[-8.782898,41.407736],[-8.780495,41.405579],[-8.778411,41.401223],[-8.77941,41.397517],[-8.78056,41.395568],[-8.778575,41.395254],[-8.775269,41.391924],[-8.7747,41.390797],[-8.775313,41.387551],[-8.774863,41.386022],[-8.772121,41.384323],[-8.770974,41.381264],[-8.769616,41.380125],[-8.768998,41.378884],[-8.768462,41.376025],[-8.769062,41.374299],[-8.77174,41.370625],[-8.771048,41.370553],[-8.76896,41.373882],[-8.766461,41.373878],[-8.767699,41.374532],[-8.767487,41.375214],[-8.766466,41.375186],[-8.767422,41.37538],[-8.7672,41.376066],[-8.766355,41.375923],[-8.767322,41.376571],[-8.767192,41.377153],[-8.766516,41.377263],[-8.76408,41.376104],[-8.762388,41.374265],[-8.762101,41.372896],[-8.764147,41.372042],[-8.764445,41.370879],[-8.763443,41.370072],[-8.764455,41.368985],[-8.766585,41.370396],[-8.767712,41.372135],[-8.767958,41.371881],[-8.765791,41.369417],[-8.761792,41.368049],[-8.761612,41.366554],[-8.762334,41.366012],[-8.763559,41.366952],[-8.762876,41.365464],[-8.7619,41.365847],[-8.761041,41.364852],[-8.760971,41.363208],[-8.761344,41.362893],[-8.760749,41.362376],[-8.761103,41.361938],[-8.758431,41.360633],[-8.757364,41.359574],[-8.7551,41.35564],[-8.75466,41.353344],[-8.754885,41.351553],[-8.755561,41.351408],[-8.754285,41.350445],[-8.753786,41.347087],[-8.75473,41.344509],[-8.754827,41.342745],[-8.753303,41.342463],[-8.752579,41.341074],[-8.750353,41.340651],[-8.749518,41.33957],[-8.749784,41.336623],[-8.749275,41.337308],[-8.749131,41.339003],[-8.747419,41.338657],[-8.746281,41.339716],[-8.745846,41.33958],[-8.741582,41.33662],[-8.739956,41.333329],[-8.73891,41.327286],[-8.739164,41.320155],[-8.739989,41.31771],[-8.739728,41.315707],[-8.740425,41.312017],[-8.74072,41.311054],[-8.741914,41.310251],[-8.740482,41.309631],[-8.73947,41.307395],[-8.738197,41.303385],[-8.738433,41.302353],[-8.737639,41.30114],[-8.73766,41.297815],[-8.736872,41.296663],[-8.736781,41.295474],[-8.734975,41.292616],[-8.734475,41.292785],[-8.733251,41.291234],[-8.731798,41.285941],[-8.731625,41.282072],[-8.731039,41.281797],[-8.730102,41.279733],[-8.728664,41.278935],[-8.729051,41.273081],[-8.727227,41.268614],[-8.728224,41.264985],[-8.726551,41.262832],[-8.726508,41.261816],[-8.724814,41.260486],[-8.724213,41.25822],[-8.724657,41.251935],[-8.725714,41.249507],[-8.725371,41.248753],[-8.72559,41.246821],[-8.727013,41.243495],[-8.728517,41.242409],[-8.725974,41.239845],[-8.726084,41.238988],[-8.724513,41.238259],[-8.72443,41.236468],[-8.725041,41.236432],[-8.725152,41.235839],[-8.724543,41.235799],[-8.723607,41.23453],[-8.72396,41.233165],[-8.722233,41.231734],[-8.721733,41.228005],[-8.719964,41.226564],[-8.71694,41.226012],[-8.717852,41.225697],[-8.716688,41.22529],[-8.717394,41.224626],[-8.716468,41.222865],[-8.716771,41.222316],[-8.715823,41.22172],[-8.715386,41.220596],[-8.716031,41.21819],[-8.715414,41.211524],[-8.716852,41.206519],[-8.716745,41.205341],[-8.715067,41.204128],[-8.716079,41.203589],[-8.715682,41.202883],[-8.716236,41.202856],[-8.715634,41.202786],[-8.715387,41.202221],[-8.713618,41.20198],[-8.713414,41.201024],[-8.712212,41.200106],[-8.710983,41.198181],[-8.711493,41.197083],[-8.711965,41.197046],[-8.710007,41.196312],[-8.708427,41.194227],[-8.708685,41.193446],[-8.707907,41.193527],[-8.708069,41.192888],[-8.707356,41.192503],[-8.706847,41.190951],[-8.707535,41.18625],[-8.711563,41.183919],[-8.712115,41.182837],[-8.711986,41.18144],[-8.70814,41.172553],[-8.707684,41.172722],[-8.707894,41.17339],[-8.710228,41.178623],[-8.705759,41.177917],[-8.704401,41.176861],[-8.702953,41.176449],[-8.701634,41.176738],[-8.697246,41.17914],[-8.692886,41.175823],[-8.690198,41.173297],[-8.688619,41.170772],[-8.688866,41.169668],[-8.69102,41.168753],[-8.690164,41.168204],[-8.690193,41.167285],[-8.690824,41.16717],[-8.68926,41.166102],[-8.686994,41.163208],[-8.686092,41.162861],[-8.685749,41.160688],[-8.686347,41.159723],[-8.685258,41.159045],[-8.685092,41.158427],[-8.685592,41.157691],[-8.684481,41.158541],[-8.681318,41.155979],[-8.675493,41.147869],[-8.677434,41.146737],[-8.6757,41.1474],[-8.675412,41.147085],[-8.679801,41.144836],[-8.679531,41.144629],[-8.676114,41.146834],[-8.675788,41.14565],[-8.672606,41.142851],[-8.672944,41.142419],[-8.671351,41.142944],[-8.669143,41.142655],[-8.667539,41.140792],[-8.667478,41.138839],[-8.668025,41.137288],[-8.669248,41.136589],[-8.669613,41.135292],[-8.670745,41.134807],[-8.670353,41.133817],[-8.670713,41.133304],[-8.670489,41.13173],[-8.669712,41.130453],[-8.669023,41.130221],[-8.667641,41.127189],[-8.667682,41.121804],[-8.665863,41.121041],[-8.664243,41.118681],[-8.664211,41.116324],[-8.664919,41.113269],[-8.665327,41.113281],[-8.663666,41.113032],[-8.663267,41.111588],[-8.664592,41.108754],[-8.664567,41.108041],[-8.663439,41.106806],[-8.664002,41.105513],[-8.662527,41.104862],[-8.662057,41.104168],[-8.661749,41.101462],[-8.659448,41.09822],[-8.658863,41.093741],[-8.657066,41.090588],[-8.657334,41.085655],[-8.656696,41.083835],[-8.657545,41.07943],[-8.657549,41.07576],[-8.658323,41.073857],[-8.658085,41.071],[-8.658924,41.068741],[-8.657749,41.067989],[-8.656996,41.066192],[-8.657486,41.062217],[-8.656649,41.061053],[-8.656969,41.057961],[-8.656247,41.056328],[-8.655998,41.053996],[-8.657023,41.048992],[-8.656626,41.047325],[-8.656781,41.04843],[-8.655869,41.048681],[-8.654496,41.048296],[-8.653152,41.046967],[-8.652474,41.044562],[-8.651097,41.04282],[-8.651261,41.041617],[-8.649974,41.03976],[-8.649863,41.038592],[-8.649121,41.038068],[-8.647592,41.034507],[-8.646283,41.032848],[-8.646616,41.030558],[-8.646237,41.027317],[-8.645155,41.025333],[-8.644351,41.019045],[-8.644508,41.016803],[-8.644973,41.015969],[-8.646201,41.01587],[-8.648092,41.009404],[-8.649631,41.008648],[-8.64762,41.009375],[-8.646212,41.007462],[-8.646185,41.005929],[-8.647844,41.000385],[-8.648726,40.998739],[-8.650724,40.998326],[-8.649619,40.998033],[-8.647973,40.998739],[-8.647083,40.997781],[-8.646723,40.996177],[-8.646171,40.995991],[-8.646504,40.992603],[-8.647523,40.990126],[-8.648041,40.989225],[-8.64971,40.989346],[-8.647013,40.988848],[-8.646916,40.987725],[-8.649027,40.982271],[-8.64989,40.981601],[-8.651539,40.981761],[-8.649251,40.981352],[-8.649062,40.980737],[-8.649829,40.978272],[-8.64942,40.977305],[-8.650567,40.974625],[-8.651258,40.973775],[-8.652783,40.973925],[-8.650447,40.973459],[-8.650343,40.972292],[-8.65328,40.96545],[-8.653245,40.964045],[-8.656888,40.957779],[-8.6575,40.957758],[-8.655502,40.957105],[-8.657271,40.951315],[-8.658129,40.950026],[-8.659163,40.950032],[-8.656926,40.949501],[-8.657762,40.944499],[-8.658862,40.943465],[-8.659549,40.941724],[-8.659057,40.940334],[-8.661029,40.940069],[-8.658613,40.939787],[-8.658384,40.938419],[-8.661214,40.931275],[-8.662418,40.931354],[-8.659876,40.930949],[-8.659496,40.929292],[-8.662742,40.91959],[-8.662966,40.9166],[-8.664092,40.913872],[-8.664027,40.912032],[-8.666604,40.905297],[-8.666616,40.902274],[-8.670127,40.893227],[-8.670212,40.890835],[-8.670859,40.888954],[-8.672034,40.88722],[-8.672657,40.884272],[-8.675382,40.877496],[-8.677997,40.873653],[-8.679239,40.873438],[-8.677831,40.872912],[-8.677756,40.871785],[-8.679687,40.868339],[-8.680294,40.868335],[-8.67891,40.868029],[-8.678345,40.866046],[-8.680011,40.859956],[-8.682633,40.85405],[-8.6859,40.84371],[-8.687256,40.841566],[-8.686951,40.839417],[-8.692227,40.8248],[-8.69319,40.819767],[-8.695627,40.814155],[-8.697309,40.808572],[-8.7007,40.801636],[-8.702848,40.795724],[-8.706044,40.786481],[-8.708433,40.777564],[-8.710829,40.772734],[-8.711279,40.771239],[-8.710964,40.769175],[-8.715378,40.760252],[-8.716293,40.757386],[-8.716682,40.757327],[-8.715635,40.756999],[-8.715617,40.755701],[-8.718165,40.751378],[-8.719163,40.746642],[-8.722618,40.738861],[-8.723777,40.733236],[-8.726094,40.728107],[-8.727473,40.723057],[-8.731058,40.715705],[-8.731526,40.712769],[-8.735323,40.704691],[-8.736856,40.699329],[-8.740072,40.692732],[-8.741383,40.688483],[-8.742048,40.683694],[-8.745749,40.675505],[-8.748131,40.667359],[-8.75741,40.64726],[-8.757565,40.645999],[-8.763643,40.643407],[-8.749559,40.640229],[-8.749393,40.633399],[-8.752137,40.628036],[-8.750961,40.627643],[-8.751014,40.625846],[-8.754047,40.61967],[-8.753396,40.619457],[-8.753386,40.618757],[-8.754886,40.615305],[-8.755232,40.615303],[-8.754508,40.615082],[-8.754454,40.614348],[-8.756545,40.609445],[-8.757271,40.608742],[-8.756056,40.608416],[-8.756186,40.606141],[-8.755519,40.605554],[-8.757849,40.600372],[-8.758496,40.599979],[-8.757711,40.599734],[-8.757553,40.598728],[-8.758189,40.594013],[-8.759704,40.59007],[-8.761086,40.5879],[-8.762439,40.582368],[-8.765744,40.575201],[-8.766733,40.570352],[-8.770983,40.559408],[-8.772406,40.559428],[-8.771159,40.559016],[-8.770846,40.557546],[-8.771409,40.555504],[-8.773416,40.552314],[-8.774032,40.55037],[-8.774644,40.54934],[-8.775183,40.549375],[-8.773568,40.548949],[-8.77294,40.547897],[-8.774973,40.540913],[-8.777406,40.536173],[-8.776812,40.534715],[-8.778149,40.53252],[-8.781037,40.523823],[-8.782467,40.52099],[-8.784029,40.520365],[-8.783555,40.518919],[-8.785053,40.518276],[-8.782884,40.518199],[-8.782675,40.516104],[-8.786147,40.508699],[-8.786917,40.504906],[-8.788845,40.501317],[-8.788695,40.500583],[-8.789946,40.496947],[-8.793759,40.489944],[-8.794713,40.489621],[-8.792375,40.489348],[-8.792345,40.486973],[-8.794211,40.48242],[-8.795713,40.480004],[-8.796529,40.477099],[-8.799533,40.471337],[-8.800353,40.469237],[-8.800327,40.468072],[-8.80164,40.465988],[-8.801526,40.462293],[-8.804086,40.457842],[-8.80503,40.453841],[-8.808068,40.448186],[-8.806614,40.447837],[-8.806347,40.447333],[-8.809429,40.441077],[-8.810161,40.441168],[-8.808332,40.440617],[-8.808167,40.440142],[-8.809342,40.436562],[-8.809517,40.434535],[-8.816708,40.414439],[-8.819914,40.403003],[-8.822178,40.397582],[-8.822833,40.394343],[-8.824844,40.388917],[-8.825703,40.384377],[-8.83104,40.371063],[-8.831035,40.368685],[-8.835616,40.357305],[-8.839736,40.345278],[-8.840128,40.342759],[-8.841984,40.339001],[-8.842043,40.33784],[-8.844542,40.333273],[-8.846034,40.327265],[-8.847305,40.324995],[-8.859557,40.292969],[-8.862808,40.286087],[-8.864713,40.280378],[-8.868798,40.271894],[-8.87,40.26828],[-8.871287,40.266221],[-8.872387,40.261956],[-8.876624,40.253934],[-8.881993,40.241072],[-8.891397,40.222806],[-8.895366,40.213803],[-8.898478,40.208568],[-8.900461,40.202613],[-8.903173,40.199663],[-8.903693,40.197573],[-8.904319,40.197104],[-8.904053,40.196392],[-8.904843,40.195842],[-8.905624,40.193759],[-8.90715,40.192034],[-8.906727,40.191759],[-8.908245,40.189635],[-8.907898,40.189703],[-8.909075,40.186794],[-8.907644,40.184463],[-8.907795,40.183438],[-8.907392,40.183328],[-8.907947,40.181158],[-8.907193,40.180843],[-8.906563,40.178906],[-8.90478,40.177935],[-8.902036,40.177696],[-8.896748,40.175656],[-8.895314,40.174491],[-8.893797,40.172305],[-8.889487,40.170158],[-8.884192,40.166009],[-8.883159,40.166216],[-8.881816,40.165524],[-8.878356,40.162822],[-8.876059,40.16019],[-8.873163,40.154685],[-8.872495,40.146737],[-8.876768,40.145039],[-8.878546,40.143206],[-8.873475,40.142913],[-8.863323,40.140489],[-8.862852,40.140043],[-8.863161,40.133262],[-8.863692,40.131857],[-8.863373,40.130592],[-8.863625,40.129942],[-8.864066,40.129943],[-8.863662,40.129601],[-8.863905,40.128289],[-8.864574,40.127947],[-8.86405,40.12769],[-8.864293,40.126435],[-8.865045,40.126118],[-8.864472,40.125848],[-8.864854,40.12439],[-8.865852,40.124255],[-8.864826,40.12401],[-8.864722,40.122915],[-8.865963,40.117649],[-8.867612,40.1128],[-8.869473,40.109225],[-8.869463,40.107564],[-8.870807,40.102985],[-8.871734,40.102005],[-8.873175,40.098094],[-8.877553,40.090292],[-8.878451,40.090069],[-8.876512,40.089318],[-8.876926,40.087666],[-8.881312,40.079685],[-8.883048,40.074319],[-8.89061,40.058711],[-8.892459,40.056275],[-8.893073,40.056325],[-8.891329,40.055777],[-8.891505,40.054767],[-8.89514,40.046562],[-8.894933,40.045503],[-8.897542,40.041492],[-8.898633,40.036822],[-8.901804,40.031586],[-8.90338,40.028317],[-8.903437,40.026711],[-8.910362,40.013238],[-8.910602,40.011544],[-8.913324,40.0064],[-8.913415,40.004479],[-8.915749,40.001015],[-8.916073,39.999153],[-8.91899,39.993685],[-8.918819,39.992368],[-8.921781,39.987786],[-8.922271,39.985366],[-8.923828,39.983284],[-8.924227,39.981258],[-8.92848,39.973856],[-8.928631,39.972014],[-8.930521,39.968837],[-8.930757,39.967158],[-8.932975,39.96239],[-8.934012,39.961118],[-8.934695,39.957687],[-8.936832,39.954883],[-8.93706,39.953486],[-8.938498,39.950891],[-8.938412,39.95013],[-8.940268,39.947592],[-8.940191,39.946132],[-8.941687,39.942509],[-8.947246,39.933556],[-8.947356,39.932401],[-8.949966,39.928047],[-8.950842,39.927604],[-8.951042,39.925396],[-8.952145,39.923039],[-8.95405,39.920156],[-8.954727,39.918105],[-8.955453,39.917933],[-8.955879,39.916436],[-8.954529,39.914697],[-8.956606,39.911625],[-8.957546,39.908842],[-8.958604,39.90779],[-8.958609,39.906776],[-8.960017,39.904758],[-8.960685,39.902302],[-8.960311,39.901384],[-8.96298,39.897603],[-8.963888,39.894517],[-8.967975,39.88702],[-8.967789,39.885958],[-8.971051,39.880254],[-8.97183,39.880046],[-8.971311,39.879046],[-8.971837,39.877236],[-8.977205,39.867924],[-8.977542,39.865717],[-8.979073,39.864427],[-8.979316,39.863295],[-8.981442,39.860491],[-8.981559,39.858608],[-8.986474,39.850242],[-8.986785,39.848661],[-8.988641,39.845445],[-8.988447,39.844778],[-8.990285,39.84252],[-8.990336,39.840164],[-8.992781,39.83702],[-8.992761,39.835768],[-8.993756,39.833197],[-8.998035,39.826214],[-8.998128,39.824694],[-9.000113,39.822217],[-9.002069,39.818326],[-9.003116,39.814887],[-9.003892,39.814186],[-9.011594,39.800778],[-9.012331,39.798425],[-9.01428,39.795749],[-9.015014,39.792916],[-9.027254,39.772447],[-9.029034,39.770279],[-9.029699,39.768834],[-9.029165,39.768213],[-9.029427,39.767877],[-9.029947,39.768172],[-9.030589,39.766646],[-9.031136,39.766599],[-9.030777,39.766043],[-9.031404,39.76435],[-9.03213,39.764053],[-9.031778,39.763863],[-9.032112,39.76183],[-9.033238,39.758619],[-9.032595,39.756],[-9.038385,39.745382],[-9.038765,39.743897],[-9.039753,39.74259],[-9.040251,39.740384],[-9.042399,39.736965],[-9.047639,39.725216],[-9.051547,39.718213],[-9.051508,39.717392],[-9.049491,39.716192],[-9.049327,39.713571],[-9.051981,39.707113],[-9.051411,39.70628],[-9.051779,39.702517],[-9.053524,39.696252],[-9.059342,39.685284],[-9.059581,39.684047],[-9.059219,39.683621],[-9.06024,39.677357],[-9.062189,39.674101],[-9.064782,39.665777],[-9.06824,39.659082],[-9.078107,39.636836],[-9.0779,39.636398],[-9.083839,39.624175],[-9.086046,39.614711],[-9.085555,39.606844],[-9.085644,39.604592],[-9.085976,39.60449],[-9.085038,39.604202],[-9.083266,39.604647],[-9.081358,39.603923],[-9.077164,39.603464],[-9.076073,39.60259],[-9.074338,39.599914],[-9.074089,39.597518],[-9.074784,39.593627],[-9.076031,39.590906],[-9.076803,39.590832],[-9.074449,39.590343],[-9.07552,39.588523],[-9.072468,39.586881],[-9.073307,39.585908],[-9.072761,39.58566],[-9.07227,39.58656],[-9.071602,39.586329],[-9.071404,39.585286],[-9.071885,39.58373],[-9.073221,39.582526],[-9.074201,39.582792],[-9.073097,39.584519],[-9.074253,39.58281],[-9.074829,39.583036],[-9.073729,39.584755],[-9.07487,39.583052],[-9.076153,39.583724],[-9.074089,39.586444],[-9.075765,39.58748],[-9.076732,39.587138],[-9.077271,39.587521],[-9.077804,39.588901],[-9.077507,39.58995],[-9.078021,39.58992],[-9.078318,39.588618],[-9.077387,39.587086],[-9.077663,39.586617],[-9.084241,39.580944],[-9.084911,39.580106],[-9.084758,39.579421],[-9.090697,39.572308],[-9.112235,39.54745],[-9.1171,39.542957],[-9.121566,39.540043],[-9.1221,39.539044],[-9.12512,39.537668],[-9.126402,39.534206],[-9.128048,39.532593],[-9.127471,39.531509],[-9.127851,39.529508],[-9.128672,39.528563],[-9.132117,39.525457],[-9.138827,39.521557],[-9.140088,39.521311],[-9.140889,39.520312],[-9.144422,39.521712],[-9.145274,39.52137],[-9.144074,39.518392],[-9.142204,39.517091],[-9.142008,39.515996],[-9.141325,39.515329],[-9.141354,39.513819],[-9.142154,39.512979],[-9.142183,39.511707],[-9.145473,39.509085],[-9.147552,39.508322],[-9.148091,39.508629],[-9.147702,39.509801],[-9.14919,39.509136],[-9.149904,39.509139],[-9.150286,39.509766],[-9.151715,39.50931],[-9.153549,39.509467],[-9.153509,39.5084],[-9.157553,39.507452],[-9.159214,39.506432],[-9.16004,39.506505],[-9.160143,39.505672],[-9.161441,39.504364],[-9.163202,39.503829],[-9.164824,39.504192],[-9.164042,39.50384],[-9.164209,39.503574],[-9.166579,39.503499],[-9.166936,39.502918],[-9.167929,39.503143],[-9.167592,39.502893],[-9.169791,39.502248],[-9.169348,39.501836],[-9.171608,39.501016],[-9.171161,39.500697],[-9.171537,39.500061],[-9.17099,39.498824],[-9.171302,39.497284],[-9.172814,39.496249],[-9.174467,39.496201],[-9.176598,39.495421],[-9.175915,39.494978],[-9.176096,39.494628],[-9.178863,39.493251],[-9.179115,39.492223],[-9.180806,39.491624],[-9.181012,39.489631],[-9.182712,39.488624],[-9.183532,39.487384],[-9.18329,39.486648],[-9.183896,39.486495],[-9.184763,39.48516],[-9.187496,39.484736],[-9.187663,39.483485],[-9.188937,39.481971],[-9.190413,39.481692],[-9.190471,39.480502],[-9.194999,39.477049],[-9.195074,39.475293],[-9.19681,39.47426],[-9.201972,39.474056],[-9.203404,39.473409],[-9.203903,39.472798],[-9.203389,39.470797],[-9.203927,39.469611],[-9.203715,39.468058],[-9.205024,39.466704],[-9.205737,39.464887],[-9.207065,39.464156],[-9.208237,39.460857],[-9.20883,39.460191],[-9.210154,39.459932],[-9.210314,39.457877],[-9.211137,39.456592],[-9.2118,39.45659],[-9.212123,39.453765],[-9.21411,39.453505],[-9.214025,39.451797],[-9.214817,39.451534],[-9.216431,39.449699],[-9.217874,39.449314],[-9.217401,39.447607],[-9.21841,39.447464],[-9.219371,39.446314],[-9.220151,39.446416],[-9.220472,39.445755],[-9.220113,39.445324],[-9.221364,39.443219],[-9.223415,39.442009],[-9.223434,39.440732],[-9.224703,39.440462],[-9.224712,39.439204],[-9.227471,39.435902],[-9.231366,39.432626],[-9.234465,39.430859],[-9.238472,39.427102],[-9.245138,39.422113],[-9.249762,39.41915],[-9.255044,39.414901],[-9.267594,39.406783],[-9.270364,39.404292],[-9.287811,39.393446],[-9.30786,39.381988],[-9.313707,39.379098],[-9.316852,39.378176],[-9.317298,39.378565],[-9.317448,39.377768],[-9.321818,39.375824],[-9.331239,39.373447],[-9.336675,39.373451],[-9.339795,39.374525],[-9.340109,39.37529],[-9.339805,39.375908],[-9.340183,39.376192],[-9.339605,39.376432],[-9.340333,39.376788],[-9.339809,39.377626],[-9.340624,39.377535],[-9.340606,39.378652],[-9.341536,39.378953],[-9.340916,39.377612],[-9.341856,39.376982],[-9.341259,39.375862],[-9.341996,39.375124],[-9.341468,39.374372],[-9.341899,39.37275],[-9.33969,39.37273],[-9.338464,39.371045],[-9.338504,39.369742],[-9.339571,39.367947],[-9.344468,39.364556],[-9.347835,39.36293],[-9.353432,39.3611],[-9.355727,39.360504],[-9.358995,39.360499],[-9.366592,39.36156],[-9.370724,39.363192],[-9.37336,39.365239],[-9.372934,39.365525],[-9.373971,39.366643],[-9.374016,39.367779],[-9.371672,39.369675],[-9.371855,39.370828],[-9.372199,39.370684],[-9.374824,39.372824],[-9.376322,39.372841],[-9.377341,39.373522],[-9.376905,39.373826],[-9.377268,39.373732],[-9.377131,39.374537],[-9.377813,39.374765],[-9.378307,39.375883],[-9.379224,39.375836],[-9.378996,39.374552],[-9.377549,39.373524],[-9.376665,39.371882],[-9.377454,39.369557],[-9.378966,39.368504],[-9.383218,39.369908],[-9.385202,39.371258],[-9.385558,39.371236],[-9.385245,39.370449],[-9.385792,39.369928],[-9.386515,39.369968],[-9.386827,39.370606],[-9.387928,39.370399],[-9.388625,39.370828],[-9.389368,39.37012],[-9.394124,39.369882],[-9.396926,39.370319],[-9.401116,39.369163],[-9.402102,39.368004],[-9.4038,39.367147],[-9.40856,39.36069],[-9.408881,39.359193],[-9.404835,39.35858],[-9.404972,39.357959],[-9.40108,39.355953],[-9.399055,39.355816],[-9.397476,39.356434],[-9.397681,39.355388],[-9.39594,39.35422],[-9.394334,39.355064],[-9.395191,39.35388],[-9.394518,39.353302],[-9.393874,39.353533],[-9.392383,39.352874],[-9.390091,39.352719],[-9.388885,39.353665],[-9.388248,39.352859],[-9.387723,39.353176],[-9.387571,39.352859],[-9.38717,39.35331],[-9.385528,39.353131],[-9.383479,39.35415],[-9.384252,39.353451],[-9.384106,39.352816],[-9.383225,39.352482],[-9.381947,39.35295],[-9.381376,39.352306],[-9.380251,39.353279],[-9.37919,39.352673],[-9.376974,39.350024],[-9.375697,39.347785],[-9.375143,39.347882],[-9.376935,39.350636],[-9.376275,39.351222],[-9.377057,39.351137],[-9.378657,39.353372],[-9.37757,39.354279],[-9.376816,39.354246],[-9.37668,39.355675],[-9.376184,39.355952],[-9.376221,39.353347],[-9.376127,39.35595],[-9.375422,39.356186],[-9.375455,39.353254],[-9.375359,39.356177],[-9.374524,39.356042],[-9.374567,39.353761],[-9.374469,39.356037],[-9.371875,39.355348],[-9.37277,39.353488],[-9.372065,39.353149],[-9.369073,39.355729],[-9.368108,39.355244],[-9.368947,39.355833],[-9.368461,39.356245],[-9.367486,39.355779],[-9.368324,39.356349],[-9.36799,39.356657],[-9.366089,39.355503],[-9.367186,39.354482],[-9.366039,39.355479],[-9.36569,39.35522],[-9.366787,39.354202],[-9.365645,39.355196],[-9.365126,39.354819],[-9.366407,39.353359],[-9.367416,39.353643],[-9.369966,39.352958],[-9.369605,39.351987],[-9.370144,39.351859],[-9.369552,39.351864],[-9.369682,39.350755],[-9.374356,39.349706],[-9.369167,39.350724],[-9.368263,39.350397],[-9.366388,39.348553],[-9.361767,39.341429],[-9.360526,39.338444],[-9.35978,39.334827],[-9.359419,39.329897],[-9.359758,39.32698],[-9.360619,39.32491],[-9.362189,39.324697],[-9.361788,39.324626],[-9.362198,39.32374],[-9.360417,39.32413],[-9.359194,39.32346],[-9.358354,39.320638],[-9.357194,39.320256],[-9.356862,39.319872],[-9.357523,39.31987],[-9.35719,39.319485],[-9.355537,39.319362],[-9.354204,39.317312],[-9.352549,39.316931],[-9.350393,39.315526],[-9.349891,39.314371],[-9.349064,39.314246],[-9.348725,39.312449],[-9.346887,39.311526],[-9.346809,39.309557],[-9.346008,39.30833],[-9.346206,39.30616],[-9.345409,39.305476],[-9.345855,39.302071],[-9.347261,39.30092],[-9.346025,39.299622],[-9.346179,39.299309],[-9.343665,39.298494],[-9.342217,39.297326],[-9.34171,39.295338],[-9.342066,39.295332],[-9.342488,39.293738],[-9.340628,39.293082],[-9.340288,39.29229],[-9.340762,39.291016],[-9.342777,39.289545],[-9.343001,39.287786],[-9.341322,39.286497],[-9.3397,39.286732],[-9.33816,39.285972],[-9.336452,39.282333],[-9.336207,39.279782],[-9.336506,39.278392],[-9.337251,39.277569],[-9.336101,39.276716],[-9.33564,39.275505],[-9.336553,39.263174],[-9.337991,39.257178],[-9.340126,39.252626],[-9.339604,39.251262],[-9.341354,39.244561],[-9.342502,39.241928],[-9.343767,39.240762],[-9.342712,39.239998],[-9.3424,39.238722],[-9.340567,39.237183],[-9.340431,39.233303],[-9.339567,39.232861],[-9.340514,39.231365],[-9.340418,39.230502],[-9.341523,39.230139],[-9.339929,39.228994],[-9.340378,39.225503],[-9.342221,39.219539],[-9.343831,39.216839],[-9.344236,39.214141],[-9.345418,39.212832],[-9.347097,39.212877],[-9.347221,39.212002],[-9.346252,39.211591],[-9.345586,39.210488],[-9.345244,39.208132],[-9.346964,39.202476],[-9.349194,39.198201],[-9.351615,39.191536],[-9.355968,39.183982],[-9.355876,39.183476],[-9.357079,39.182265],[-9.358404,39.181728],[-9.357964,39.180549],[-9.356344,39.179733],[-9.356343,39.178764],[-9.356864,39.177253],[-9.358148,39.176797],[-9.358454,39.177391],[-9.359162,39.177316],[-9.359179,39.176855],[-9.358023,39.176045],[-9.35833,39.173639],[-9.359644,39.170864],[-9.36547,39.162157],[-9.366803,39.16146],[-9.366962,39.159842],[-9.368015,39.157337],[-9.369541,39.154581],[-9.371041,39.15325],[-9.370921,39.152599],[-9.374952,39.145657],[-9.382063,39.136714],[-9.383037,39.136272],[-9.385666,39.132864],[-9.386253,39.132873],[-9.385608,39.131769],[-9.386385,39.130348],[-9.390178,39.125445],[-9.391557,39.124318],[-9.392151,39.122689],[-9.393853,39.121612],[-9.394254,39.120535],[-9.392705,39.117823],[-9.393016,39.115436],[-9.394597,39.112007],[-9.404602,39.099997],[-9.404836,39.098752],[-9.405995,39.097128],[-9.409817,39.094213],[-9.412766,39.090156],[-9.414907,39.088465],[-9.414641,39.086282],[-9.415969,39.084129],[-9.417652,39.082875],[-9.417667,39.081167],[-9.418769,39.078986],[-9.42198,39.074639],[-9.422099,39.073315],[-9.420955,39.071832],[-9.421127,39.071137],[-9.418994,39.069102],[-9.418831,39.06792],[-9.416225,39.063581],[-9.416355,39.060653],[-9.415909,39.059926],[-9.416356,39.059897],[-9.415666,39.059214],[-9.415767,39.057818],[-9.415251,39.057074],[-9.417876,39.050694],[-9.416628,39.048718],[-9.417068,39.046334],[-9.416117,39.043182],[-9.418165,39.038989],[-9.418083,39.037779],[-9.419599,39.035928],[-9.418637,39.034047],[-9.418753,39.03236],[-9.419423,39.03139],[-9.420841,39.030616],[-9.421164,39.028599],[-9.421949,39.027603],[-9.421636,39.026599],[-9.423111,39.025652],[-9.423231,39.024668],[-9.424013,39.02389],[-9.4236,39.020781],[-9.424983,39.019142],[-9.422288,39.015286],[-9.423089,39.014629],[-9.42228,39.013978],[-9.421874,39.011957],[-9.423208,39.010105],[-9.425407,39.010348],[-9.425754,39.009169],[-9.42675,39.008886],[-9.42509,39.004882],[-9.425963,39.004234],[-9.427356,39.004605],[-9.427338,39.002765],[-9.427783,39.002254],[-9.426766,39.001006],[-9.424466,38.999544],[-9.424242,38.998244],[-9.425965,38.995626],[-9.424664,38.994694],[-9.424798,38.993629],[-9.422632,38.990389],[-9.420944,38.989355],[-9.419217,38.987156],[-9.419486,38.984308],[-9.420755,38.983975],[-9.422248,38.982512],[-9.42164,38.981746],[-9.42265,38.979369],[-9.420341,38.976629],[-9.420488,38.972066],[-9.421584,38.970204],[-9.420008,38.968358],[-9.419917,38.965908],[-9.421625,38.965344],[-9.423311,38.963627],[-9.422875,38.963375],[-9.421322,38.965053],[-9.419989,38.965127],[-9.419055,38.964332],[-9.418828,38.963084],[-9.420354,38.960912],[-9.419328,38.959947],[-9.416296,38.959693],[-9.415923,38.959262],[-9.41579,38.956404],[-9.416437,38.955779],[-9.417457,38.956044],[-9.416477,38.955384],[-9.416829,38.954098],[-9.416411,38.951292],[-9.415239,38.949356],[-9.415471,38.945057],[-9.416939,38.941179],[-9.418407,38.941043],[-9.418644,38.939674],[-9.419784,38.938147],[-9.420774,38.934817],[-9.419641,38.932563],[-9.42256,38.927329],[-9.423609,38.926979],[-9.423054,38.926594],[-9.424233,38.922511],[-9.425688,38.92053],[-9.426166,38.918497],[-9.431384,38.91178],[-9.431499,38.91044],[-9.433402,38.906219],[-9.433105,38.904892],[-9.434513,38.903055],[-9.434697,38.901738],[-9.435502,38.90049],[-9.434804,38.898705],[-9.435154,38.898555],[-9.434787,38.896936],[-9.435447,38.897908],[-9.436457,38.897938],[-9.436623,38.897057],[-9.438112,38.895959],[-9.439227,38.893665],[-9.438666,38.891564],[-9.439149,38.890047],[-9.440263,38.889686],[-9.439382,38.887299],[-9.440263,38.886303],[-9.440913,38.883247],[-9.444294,38.879494],[-9.443887,38.878637],[-9.444444,38.877249],[-9.444198,38.874583],[-9.446332,38.872181],[-9.448136,38.871545],[-9.448831,38.869027],[-9.450457,38.867914],[-9.450708,38.867191],[-9.451365,38.867083],[-9.451124,38.865204],[-9.449784,38.864846],[-9.449229,38.863936],[-9.450606,38.860157],[-9.453309,38.856416],[-9.455669,38.851124],[-9.45685,38.85028],[-9.456705,38.849807],[-9.458175,38.847192],[-9.460611,38.84447],[-9.462587,38.841341],[-9.462381,38.840315],[-9.467161,38.835754],[-9.468241,38.833101],[-9.467811,38.83308],[-9.467875,38.832669],[-9.469121,38.830796],[-9.468821,38.829745],[-9.470132,38.828626],[-9.470419,38.826401],[-9.470972,38.825648],[-9.473148,38.824508],[-9.47325,38.821309],[-9.476197,38.817459],[-9.476401,38.816458],[-9.481092,38.810389],[-9.483423,38.808684],[-9.483079,38.808334],[-9.484137,38.807932],[-9.483748,38.806484],[-9.486763,38.801157],[-9.486806,38.801945],[-9.487537,38.802099],[-9.488157,38.800976],[-9.489471,38.800633],[-9.488955,38.800531],[-9.489319,38.799929],[-9.489026,38.799588],[-9.489901,38.798593],[-9.489421,38.796646],[-9.490785,38.79594],[-9.489648,38.795488],[-9.489796,38.795087],[-9.491312,38.795482],[-9.491122,38.794836],[-9.491709,38.794503],[-9.491431,38.794223],[-9.493667,38.793899],[-9.491931,38.79272],[-9.492717,38.792188],[-9.493499,38.792654],[-9.493168,38.791744],[-9.492287,38.791609],[-9.492308,38.79029],[-9.494636,38.788373],[-9.496534,38.788075],[-9.495668,38.78695],[-9.495691,38.785869],[-9.496952,38.785002],[-9.497238,38.783893],[-9.498428,38.783204],[-9.500526,38.780709]]]}}]}